"","lat","long","Water.T","pH","Cond","Turb","Chl","Secchi","Alkalinity","Ca","Mg","K","Na","Si","Cl","NO2","NO3","SO4","PO4","TN","TP","DO..","DO","Carbonate","Silicate","DOC","Waterdepth","MaxDepth","Lake_area","Shore_len","Shore_dev","Vol_total","Vol_res","Vol_src","Depth_avg","Dis_avg","Res_time","Slope_100","Wshd_area","Elevation","area_sub.Basin","area_waterbody","MAT","P.season","MAP","T.season","Connectivity","X..aquatic.habitat","Ecoregion","Freshwater.ecoregion","TRI","tri1","lanfdorm","geology","land.cover","HFP2009","Bare.Desert","Barren.Tundra","Cold.Grassland","Cool.Grasses.and.Shrubs","Cool.Southern.Hemisphere.Mixed.Forests","Corn.and.Beans.Cropland","Crops.and.Town","Crops..Grass..Shrubs","Dry.Woody.Scrub","Evergreen.Broadleaf.Forests","Evergreen.Forest.and.Fields","Fields.and.Woody.Savanna","Forest.and.Field","Glacier.Ice","Grass.Crops","Hot.and.Mild.Grasses.and.Shrubs","Inland.Water","Low.Sparse.Grassland","Montane.Tropical.Forests","Rice.Paddy.and.Field","Savanna..Woods.","Sea.Water","Seasonal.Tropical.Forest","Semi.Desert.Shrubs","Shrub.Deciduous","Shrub.Evergreen","Southern.Hemisphere.Mixed.Forest","Succulent.and.Thorn.Scrub","Tropical.Degraded.Forest","Tropical.Rainforest","Upland.Tundra","Urban","Wooded.Wet.Swamp","Woody.Savanna","Barren","Grassland.and.shrubs","Forests","Savanna","Rainforest","Wetland","Agriculture","Crops.and.town","Urban.1","Inland.water","lake_depth_ratio","lake_catch_ratio","catch_vol_ratio","region"
"Bush-Gd_Acopia",-14.08415833,-71.52088611,NA,NA,1323,NA,NA,NA,NA,NA,NA,NA,NA,NA,NA,NA,NA,NA,NA,NA,NA,NA,NA,NA,NA,NA,NA,20,0.54,2.8,1.08,4.34,NA,3,8.1,0.7,72.1,10.28,31,3707,71.4,190.1,88,86,794,1757,0.0012,2.511709063,"Central Andean wet puna",312,0,0.129745,1,2,"Cold Grassland",12.32223511,0,0,59.06,0,0,0,0,0,0,0,2.69,0.82,3.24,0,0,1.31,3.24,0,0,0,0,0,0,28.01,0,1.19,0,0,0,0,0,0,0,0.5,0,89.57,5.93,1.32,0,0,0,0,0,3.24,0.0666666666666667,0.0174193548387097,7.14285714285714,"Peru-Andean eastern"
"Bush-Gd_Huamnmrc",-13.031125,-72.37284167,NA,NA,NA,NA,NA,NA,NA,NA,NA,NA,NA,NA,NA,NA,NA,NA,NA,NA,NA,NA,NA,NA,NA,NA,NA,NA,NA,NA,NA,NA,NA,NA,NA,NA,NA,NA,NA,3885,154.8,52.4,75,74,782,1204,4e-04,0.247396851,"Central Andean wet puna",312,19.625,0.477348,4,2,"Shrub Deciduous",4.250142097,2.03,2.21,2.05,0,0,0,15.18,0,0,0,1.18,0.75,0.58,0,0,0.26,0.01,0,0.08,0.99,1.25,0,0,5.86,0,20.51,0,0,0,1.1,33.13,0,0,12.89,4.24,61.81,1.84,14.89,1.1,0,0.99,15.18,0,0.01,NA,NA,NA,"Peru-Andean eastern"
"Bush-Gd_Miski",-13.031125,-72.37284167,NA,NA,NA,NA,NA,NA,NA,NA,NA,NA,NA,NA,NA,NA,NA,NA,NA,NA,NA,NA,NA,NA,NA,NA,NA,NA,NA,NA,NA,NA,NA,NA,NA,NA,NA,NA,NA,3825,154.8,52.4,86,74,778,1181,4e-04,0.247396851,"Central Andean wet puna",312,10.875,0.386812,4,2,"Shrub Deciduous",4.250083923,2.12,2.21,1.57,0,0,0,15.97,0,0,0,1.21,0.7,0.43,0,0,0.11,0,0,0.08,1.06,1.51,0,0,4.32,0,20.39,0,0,0,1.2,33.96,0,0,13.19,4.33,60.35,1.72,15.4,1.2,0,1.06,15.97,0,0,NA,NA,NA,"Peru-Andean eastern"
"Bush-Gd_Pacucha",-13.61605278,-73.31976389,14,8.46,345,NA,NA,NA,NA,NA,NA,NA,NA,NA,NA,NA,NA,NA,NA,NA,NA,NA,5.54,NA,NA,NA,NA,30,6.83,11.26,1.22,139.59,NA,3,20.4,2.74,589.2,8.84,152.9,3101,6.9,91.1,131,76,937,969,8e-04,0.32438038,"Peruvian Yungas",312,0,-9999,1,2,"Evergreen Forest and Fields",8.254134178,0,0,56.2,0,0,0.08,0.24,12.46,0,0,20.92,0.23,0.15,0,0,4.11,0.44,0,0,0.54,0,0,0,0.5,0,0.05,0,0,0.46,0.21,0,0,0,3.57,0,73.32,21.53,3.8,0.21,0,0.62,0.24,0,0.44,0.334803921568627,0.0446697187704382,1.09535066981875,"Peru-Andean eastern"
"Clm-A-C_Belmir-1",6.62,-75.64,NA,NA,NA,NA,NA,NA,NA,NA,NA,NA,NA,NA,NA,NA,NA,NA,NA,NA,NA,NA,NA,NA,NA,NA,NA,NA,NA,NA,NA,NA,NA,NA,NA,NA,NA,NA,NA,2930,70.1,0.177724004,119,38,3009,315,0.004,4.413292609,"Magdalena Valley montane forests",302,18,0.531808,3,4,"Woody Savanna",8.852498055,0,0,0.96,0,0,0,3.45,2.56,0,0,26.44,7.07,0,0,0,0,5.03,0,6.77,0.71,13.8,0,0,0.02,0,0,0,0,0.63,16.21,0,0,0,16.45,0,3.54,33.84,37.32,16.21,0,0.71,3.45,0,5.03,NA,NA,NA,"Colombia-Andes"
"Clm-A-C_Belmir-2",6.62,-75.64,NA,NA,NA,NA,NA,NA,NA,NA,NA,NA,NA,NA,NA,NA,NA,NA,NA,NA,NA,NA,NA,NA,NA,NA,NA,NA,NA,NA,NA,NA,NA,NA,NA,NA,NA,NA,NA,2930,70.1,0.177724004,119,38,3009,315,0.004,4.413292609,"Magdalena Valley montane forests",302,18,0.531808,3,4,"Woody Savanna",8.852498055,0,0,0.96,0,0,0,3.45,2.56,0,0,26.44,7.07,0,0,0,0,5.03,0,6.77,0.71,13.8,0,0,0.02,0,0,0,0,0.63,16.21,0,0,0,16.45,0,3.54,33.84,37.32,16.21,0,0.71,3.45,0,5.03,NA,NA,NA,"Colombia-Andes"
"Clm-A-C_Belmir-3",6.62,-75.64,NA,NA,NA,NA,NA,NA,NA,NA,NA,NA,NA,NA,NA,NA,NA,NA,NA,NA,NA,NA,NA,NA,NA,NA,NA,NA,NA,NA,NA,NA,NA,NA,NA,NA,NA,NA,NA,2930,70.1,0.177724004,119,38,3009,315,0.004,4.413292609,"Magdalena Valley montane forests",302,18,0.531808,2,4,"Woody Savanna",8.852498055,0,0,0.96,0,0,0,3.45,2.56,0,0,26.44,7.07,0,0,0,0,5.03,0,6.77,0.71,13.8,0,0,0.02,0,0,0,0,0.63,16.21,0,0,0,16.45,0,3.54,33.84,37.32,16.21,0,0.71,3.45,0,5.03,NA,NA,NA,"Colombia-Andes"
"Clm-A-C_Guarne-1",6.27,-75.52,19,6.08,26,NA,NA,NA,36,0.02,2.16,0.525,0.465,NA,2.22,NA,NA,6.3,NA,NA,NA,NA,NA,NA,NA,NA,NA,NA,NA,NA,NA,NA,NA,NA,NA,NA,NA,NA,NA,2551,124,0.0116577,153,36,1831,340,8e-04,0.04706329,"Magdalena Valley montane forests",302,3,0.73463,2,4,"Tropical Rainforest",31.3394661,0,0,2.53,0,0,0,23.71,0.56,0,0,15.23,1.46,0,0,0,0.4,0.49,0,0,1.08,3.78,0,0,0,0,0,0,0,0,41.62,0.08,3.75,0,5.32,0,3.57,15.23,10.56,41.62,0,1.08,23.71,3.75,0.49,NA,NA,NA,"Colombia-Andes"
"Clm-A-C_Guarne-2",6.27,-75.52,19,6.08,26,NA,NA,NA,36,0.02,2.16,0.525,0.465,NA,2.22,NA,NA,6.3,NA,NA,NA,NA,NA,NA,NA,NA,NA,NA,NA,NA,NA,NA,NA,NA,NA,NA,NA,NA,NA,2551,124,0.0116577,153,36,1831,340,8e-04,0.04706329,"Magdalena Valley montane forests",302,3,0.73463,2,4,"Tropical Rainforest",31.3394661,0,0,2.53,0,0,0,23.71,0.56,0,0,15.23,1.46,0,0,0,0.4,0.49,0,0,1.08,3.78,0,0,0,0,0,0,0,0,41.62,0.08,3.75,0,5.32,0,3.57,15.23,10.56,41.62,0,1.08,23.71,3.75,0.49,NA,NA,NA,"Colombia-Andes"
"Clm-A-E_Cucunb-1",5.28,-73.78,17.8,6.6,1100,NA,NA,NA,65.77,43.6,17,16.3,77.2,NA,62,0.34,0.002,26.9,0.31,11.6,0.34,NA,2.7,NA,NA,NA,NA,NA,0.88,4.11,1.24,1.79,NA,3,2,2.73,7.6,0.51,181.1,2541,124.8,2.634560108,147,45,752,403,0.0036,1.735733146,"Magdalena Valley montane forests",302,0.125,0.0564683,3,4,"Crops and Town",13.3394661,0,0,7.08,0,0,0,22.67,18.03,0,0,4.16,0,0,0,0,0.83,0.57,0,17.06,0,12.43,0,0,10.91,0.08,0,0,0,1.43,3.71,0.05,0,0,1.05,0,36.98,22.65,13.48,3.71,0,0,22.67,0,0.57,0.44,0.00485919381557151,101.173184357542,"Colombia-Andes"
"Clm-A-E_Cucunb-2",5.28,-73.78,17.8,6.6,1100,NA,NA,NA,65.77,43.6,17,16.3,77.2,NA,62,0.34,0.002,26.9,0.31,11.6,0.34,NA,2.7,NA,NA,NA,NA,NA,NA,NA,NA,NA,NA,NA,NA,NA,NA,NA,NA,2568,124.8,2.634560108,147,44,740,396,0.0036,1.735733146,"Magdalena Valley montane forests",302,27.75,0.173966,3,1,"Crops and Town",11.68148518,0,0,6.54,0,0,0,22.63,18.94,0,0,3.94,0,0,0,0,0.91,0.57,0,17.53,0,11.72,0,0,10.97,0.08,0,0,0,1.43,3.71,0.05,0,0,1.05,0,37.49,22.9,12.77,3.71,0,0,22.63,0,0.57,NA,NA,NA,"Colombia-Andes"
"Clm-A-E_Fuquen-1",5.466,-73.752,17.7,6.9,177,NA,NA,NA,26.9,8.82,4.75,1.98,68.9,NA,15.6,0.002,0.8,63,0.02,2,0.1,NA,6.4,NA,NA,NA,NA,NA,NA,NA,NA,NA,NA,NA,NA,NA,NA,NA,NA,2540,27.8,27.58539963,146,50,1000,347,0.0036,1.735733146,"Magdalena Valley montane forests",302,1,0.444444,3,1,"Cold Grassland",7.526984215,0,0,7.48,0,0,0,16.25,9.46,0,0,9.51,0.84,0,0,0,0.36,0.07,0,15.48,0.97,19.63,0,0,3.31,0.08,0.12,0,0,1.43,9.74,4.34,0,0,1.09,0,25.15,26.42,21.56,9.74,0,0.97,16.25,0,0.07,NA,NA,NA,"Colombia-Andes"
"Clm-A-E_Fuquen-2",5.466,-73.752,17.7,6.9,177,NA,NA,NA,26.9,8.82,4.75,1.98,68.9,NA,15.6,0.002,0.8,NA,0.02,2,0.1,NA,6.4,NA,NA,NA,NA,NA,NA,NA,NA,NA,NA,NA,NA,NA,NA,NA,NA,2540,27.8,27.58539963,146,50,1000,347,0.0036,1.735733146,"Magdalena Valley montane forests",302,1,0.444444,3,1,"Cold Grassland",7.526984215,0,0,7.48,0,0,0,16.25,9.46,0,0,9.51,0.84,0,0,0,0.36,0.07,0,15.48,0.97,19.63,0,0,3.31,0.08,0.12,0,0,1.43,9.74,4.34,0,0,1.09,0,25.15,26.42,21.56,9.74,0,0.97,16.25,0,0.07,NA,NA,NA,"Colombia-Andes"
"Clm-A-E_Fuquen-3",5.466,-73.752,17.7,6.9,177,NA,NA,NA,26.9,8.82,4.75,1.98,68.9,NA,15.6,0.002,0.8,NA,0.02,2,0.1,NA,6.4,NA,NA,NA,NA,NA,NA,NA,NA,NA,NA,NA,NA,NA,NA,NA,NA,2540,27.8,27.58539963,146,50,1000,347,0.0036,1.735733146,"Magdalena Valley montane forests",302,1,0.444444,3,7,"Cold Grassland",7.526984215,0,0,7.48,0,0,0,16.25,9.46,0,0,9.51,0.84,0,0,0,0.36,0.07,0,15.48,0.97,19.63,0,0,3.31,0.08,0.12,0,0,1.43,9.74,4.34,0,0,1.09,0,25.15,26.42,21.56,9.74,0,0.97,16.25,0,0.07,NA,NA,NA,"Colombia-Andes"
"Clm-A-E_Fuquen-4",5.466,-73.752,17.7,6.9,177,NA,NA,NA,26.9,8.82,4.75,1.98,68.9,NA,15.6,0.002,0.8,NA,0.02,2,0.1,NA,6.4,NA,NA,NA,NA,NA,NA,NA,NA,NA,NA,NA,NA,NA,NA,NA,NA,2540,27.8,27.58539963,146,50,1000,347,0.0036,1.735733146,"Magdalena Valley montane forests",302,1,0.444444,3,7,"Cold Grassland",7.526984215,0,0,7.48,0,0,0,16.25,9.46,0,0,9.51,0.84,0,0,0,0.36,0.07,0,15.48,0.97,19.63,0,0,3.31,0.08,0.12,0,0,1.43,9.74,4.34,0,0,1.09,0,25.15,26.42,21.56,9.74,0,0.97,16.25,0,0.07,NA,NA,NA,"Colombia-Andes"
"Clm-A-E_Guatvt-1",4.977,-73.775,16.4,6.3,16.86,NA,2.13,NA,6.32,0.267,0.092,0.377,0.644,NA,7.2,0.001,0.44,3.8,0.02,1.52,0.02,NA,6.58,NA,NA,NA,NA,NA,21.72,40.7,2.46,690,690,2,31.8,6.98,1143.8,5.63,366.8,2581,21.4,35.270401,142,34,927,377,4e-04,1.413268314,"Magdalena Valley montane forests",302,0,0.0494706,3,7,"Inland Water",8.629548073,0,0,8.15,0,0,0,11.87,32.95,0,0,5.31,0,0,0,0,0.86,4.47,0,24.33,0,0.98,0,0,2.96,0,0,0,0,5.27,2.58,0,0,0.22,0,0,44.92,34.91,0.98,2.58,0.22,0,11.87,0,4.47,0.683018867924528,0.0592148309705562,0.531594202898551,"Colombia-Andes"
"Clm-A-E_Guatvt-2",4.977,-73.775,16.4,6.3,16.86,NA,2.13,NA,6.32,0.267,0.092,0.377,0.644,NA,7.2,0.001,0.44,3.8,0.02,1.52,0.02,NA,6.58,NA,NA,NA,NA,NA,21.72,40.7,2.46,690,690,2,31.8,6.98,1143.8,5.63,366.8,2581,21.4,35.270401,142,34,927,377,4e-04,1.413268314,"Magdalena Valley montane forests",302,0,0.0494706,1,7,"Inland Water",8.629548073,0,0,8.15,0,0,0,11.87,32.95,0,0,5.31,0,0,0,0,0.86,4.47,0,24.33,0,0.98,0,0,2.96,0,0,0,0,5.27,2.58,0,0,0.22,0,0,44.92,34.91,0.98,2.58,0.22,0,11.87,0,4.47,0.683018867924528,0.0592148309705562,0.531594202898551,"Colombia-Andes"
"Clm-A-E_Herrer-1",4.69,-74.27,18.9,6.8,17.9,NA,4.8755,NA,NA,6.86,4.53,32.7,45.3,NA,44.6,0.005,1.325,5.18,6.44,17.55,3.91,NA,0.35,NA,NA,NA,NA,NA,NA,NA,NA,NA,NA,NA,NA,NA,NA,NA,NA,2543,122.5,0.586624026,136,47,627,202,0.0024,0.196831738,"Magdalena Valley montane forests",302,1.125,0.355479,3,4,"Cold Grassland",17.78061485,0,0,18.73,0,0,0,14.39,4.99,0,0,1.43,0,0,0,0,0.29,0.88,0,7.98,0,14.17,0,0,12.82,0,4.95,0,0,0,0,15.44,3.81,0,0.16,0,57.22,9.41,14.33,0,0,0,14.39,3.81,0.88,NA,NA,NA,"Colombia-Andes"
"Clm-A-E_Herrer-2",4.69,-74.27,18.9,6.8,17.9,NA,4.8755,NA,NA,6.86,4.53,32.7,45.3,NA,44.6,0.005,1.325,5.18,6.44,17.55,3.91,NA,0.35,NA,NA,NA,NA,NA,NA,NA,NA,NA,NA,NA,NA,NA,NA,NA,NA,2543,122.5,0.586624026,136,47,627,202,0.0024,0.196831738,"Magdalena Valley montane forests",302,1.125,0.355479,2,4,"Cold Grassland",17.78061485,0,0,18.73,0,0,0,14.39,4.99,0,0,1.43,0,0,0,0,0.29,0.88,0,7.98,0,14.17,0,0,12.82,0,4.95,0,0,0,0,15.44,3.81,0,0.16,0,57.22,9.41,14.33,0,0,0,14.39,3.81,0.88,NA,NA,NA,"Colombia-Andes"
"Clm-A-E_Suesca-1",5.18,-73.78,18.63,9.47,1220,NA,170,NA,492.43,165,43.33,NA,NA,NA,61.72,0.002,NA,NA,0.04,NA,0.06,NA,4.41,NA,NA,NA,NA,NA,1.89,9.85,2.02,10.16,NA,3,5.4,0.15,800.1,2.88,7.7,2846,5.3,3.911989927,126,37,764,377,0.0036,1.735733146,"Magdalena Valley montane forests",302,0,0.0509778,2,4,"Crops, Grass, Shrubs",18.7282238,0,0,4.14,0,0,0,16.39,25.16,0,0,3.45,0,0,0,0,0.84,1.96,0,25.14,0,6.36,0,0,9.14,0.08,0,0,0,4.08,2.24,0.05,0,0,0.97,0,39.41,32.67,7.33,2.24,0,0,16.39,0,1.96,0.35,0.245454545454545,0.757874015748031,"Colombia-Andes"
"Clm-A-E_Suesca-2",5.18,-73.78,18.63,9.47,1220,NA,170,NA,492.43,165,43.33,NA,NA,NA,61.72,0.002,NA,NA,0.04,NA,0.06,NA,4.41,NA,NA,NA,NA,NA,1.89,9.85,2.02,10.16,NA,3,5.4,0.15,800.1,2.88,7.7,2846,5.3,3.911989927,126,37,764,377,0.0036,1.735733146,"Magdalena Valley montane forests",302,0,0.0509778,2,4,"Crops, Grass, Shrubs",18.7282238,0,0,4.14,0,0,0,16.39,25.16,0,0,3.45,0,0,0,0,0.84,1.96,0,25.14,0,6.36,0,0,9.14,0.08,0,0,0,4.08,2.24,0.05,0,0,0.97,0,39.41,32.67,7.33,2.24,0,0,16.39,0,1.96,0.35,0.245454545454545,0.757874015748031,"Colombia-Andes"
"Clm-A-E_Ubaqu-10",4.5,-73.93,NA,NA,NA,NA,NA,NA,NA,NA,NA,NA,NA,NA,NA,NA,NA,NA,NA,NA,NA,NA,NA,NA,NA,NA,NA,NA,NA,NA,NA,NA,NA,NA,NA,NA,NA,NA,NA,2063,109.6,0.092126101,172,42,1136,370,4e-04,0.046835019,"Cordillera Oriental montane forests",305,7.375,0.5975,3,1,"Woody Savanna",15,0,0,10.19,0,0,0,9.32,15.72,0,0,9.91,0,0,0,0,1.29,0.09,0,20.57,0,11.83,0,0,3.16,0.04,1.28,0,0,1.63,3.43,4.91,2.08,0,4.57,0,36.59,32.11,16.4,3.43,0,0,9.32,2.08,0.09,NA,NA,NA,"Colombia-Andes"
"Clm-A-E_Ubaqu-11",4.5,-73.93,NA,NA,NA,NA,NA,NA,NA,NA,NA,NA,NA,NA,NA,NA,NA,NA,NA,NA,NA,NA,NA,NA,NA,NA,NA,NA,NA,NA,NA,NA,NA,NA,NA,NA,NA,NA,NA,2063,109.6,0.092126101,172,42,1136,370,4e-04,0.046835019,"Cordillera Oriental montane forests",305,7.375,0.5975,3,1,"Woody Savanna",15,0,0,10.19,0,0,0,9.32,15.72,0,0,9.91,0,0,0,0,1.29,0.09,0,20.57,0,11.83,0,0,3.16,0.04,1.28,0,0,1.63,3.43,4.91,2.08,0,4.57,0,36.59,32.11,16.4,3.43,0,0,9.32,2.08,0.09,NA,NA,NA,"Colombia-Andes"
"Clm-A-E_Ubaqu-12",4.5,-73.93,NA,NA,NA,NA,NA,NA,NA,NA,NA,NA,NA,NA,NA,NA,NA,NA,NA,NA,NA,NA,NA,NA,NA,NA,NA,NA,NA,NA,NA,NA,NA,NA,NA,NA,NA,NA,NA,2063,109.6,0.092126101,172,42,1136,370,4e-04,0.046835019,"Cordillera Oriental montane forests",305,7.375,0.5975,3,1,"Woody Savanna",15,0,0,10.19,0,0,0,9.32,15.72,0,0,9.91,0,0,0,0,1.29,0.09,0,20.57,0,11.83,0,0,3.16,0.04,1.28,0,0,1.63,3.43,4.91,2.08,0,4.57,0,36.59,32.11,16.4,3.43,0,0,9.32,2.08,0.09,NA,NA,NA,"Colombia-Andes"
"Clm-A-E_Ubaque-1",4.5,-73.93,NA,NA,NA,NA,NA,NA,NA,NA,NA,NA,NA,NA,NA,NA,NA,NA,NA,NA,NA,NA,NA,NA,NA,NA,NA,NA,NA,NA,NA,NA,NA,NA,NA,NA,NA,NA,NA,2063,109.6,0.092126101,172,42,1136,370,4e-04,0.046835019,"Cordillera Oriental montane forests",305,7.375,0.5975,3,4,"Woody Savanna",15,0,0,10.19,0,0,0,9.32,15.72,0,0,9.91,0,0,0,0,1.29,0.09,0,20.57,0,11.83,0,0,3.16,0.04,1.28,0,0,1.63,3.43,4.91,2.08,0,4.57,0,36.59,32.11,16.4,3.43,0,0,9.32,2.08,0.09,NA,NA,NA,"Colombia-Andes"
"Clm-A-E_Ubaque-2",4.5,-73.93,NA,NA,NA,NA,NA,NA,NA,NA,NA,NA,NA,NA,NA,NA,NA,NA,NA,NA,NA,NA,NA,NA,NA,NA,NA,NA,NA,NA,NA,NA,NA,NA,NA,NA,NA,NA,NA,2063,109.6,0.092126101,172,42,1136,370,4e-04,0.046835019,"Cordillera Oriental montane forests",305,7.375,0.5975,3,1,"Woody Savanna",15,0,0,10.19,0,0,0,9.32,15.72,0,0,9.91,0,0,0,0,1.29,0.09,0,20.57,0,11.83,0,0,3.16,0.04,1.28,0,0,1.63,3.43,4.91,2.08,0,4.57,0,36.59,32.11,16.4,3.43,0,0,9.32,2.08,0.09,NA,NA,NA,"Colombia-Andes"
"Clm-A-E_Ubaque-3",4.5,-73.93,NA,NA,NA,NA,NA,NA,NA,NA,NA,NA,NA,NA,NA,NA,NA,NA,NA,NA,NA,NA,NA,NA,NA,NA,NA,NA,NA,NA,NA,NA,NA,NA,NA,NA,NA,NA,NA,2063,109.6,0.092126101,172,42,1136,370,4e-04,0.046835019,"Cordillera Oriental montane forests",305,7.375,0.5975,3,1,"Woody Savanna",15,0,0,10.19,0,0,0,9.32,15.72,0,0,9.91,0,0,0,0,1.29,0.09,0,20.57,0,11.83,0,0,3.16,0.04,1.28,0,0,1.63,3.43,4.91,2.08,0,4.57,0,36.59,32.11,16.4,3.43,0,0,9.32,2.08,0.09,NA,NA,NA,"Colombia-Andes"
"Clm-A-E_Ubaque-4",4.5,-73.93,NA,NA,NA,NA,NA,NA,NA,NA,NA,NA,NA,NA,NA,NA,NA,NA,NA,NA,NA,NA,NA,NA,NA,NA,NA,NA,NA,NA,NA,NA,NA,NA,NA,NA,NA,NA,NA,2063,109.6,0.092126101,172,42,1136,370,4e-04,0.046835019,"Cordillera Oriental montane forests",305,7.375,0.5975,1,7,"Woody Savanna",15,0,0,10.19,0,0,0,9.32,15.72,0,0,9.91,0,0,0,0,1.29,0.09,0,20.57,0,11.83,0,0,3.16,0.04,1.28,0,0,1.63,3.43,4.91,2.08,0,4.57,0,36.59,32.11,16.4,3.43,0,0,9.32,2.08,0.09,NA,NA,NA,"Colombia-Andes"
"Clm-A-E_Ubaque-5",4.5,-73.93,NA,NA,NA,NA,NA,NA,NA,NA,NA,NA,NA,NA,NA,NA,NA,NA,NA,NA,NA,NA,NA,NA,NA,NA,NA,NA,NA,NA,NA,NA,NA,NA,NA,NA,NA,NA,NA,2063,109.6,0.092126101,172,42,1136,370,4e-04,0.046835019,"Cordillera Oriental montane forests",305,7.375,0.5975,1,7,"Woody Savanna",15,0,0,10.19,0,0,0,9.32,15.72,0,0,9.91,0,0,0,0,1.29,0.09,0,20.57,0,11.83,0,0,3.16,0.04,1.28,0,0,1.63,3.43,4.91,2.08,0,4.57,0,36.59,32.11,16.4,3.43,0,0,9.32,2.08,0.09,NA,NA,NA,"Colombia-Andes"
"Clm-A-E_Ubaque-6",4.5,-73.93,NA,NA,NA,NA,NA,NA,NA,NA,NA,NA,NA,NA,NA,NA,NA,NA,NA,NA,NA,NA,NA,NA,NA,NA,NA,NA,NA,NA,NA,NA,NA,NA,NA,NA,NA,NA,NA,2063,109.6,0.092126101,172,42,1136,370,4e-04,0.046835019,"Cordillera Oriental montane forests",305,7.375,0.5975,3,7,"Woody Savanna",15,0,0,10.19,0,0,0,9.32,15.72,0,0,9.91,0,0,0,0,1.29,0.09,0,20.57,0,11.83,0,0,3.16,0.04,1.28,0,0,1.63,3.43,4.91,2.08,0,4.57,0,36.59,32.11,16.4,3.43,0,0,9.32,2.08,0.09,NA,NA,NA,"Colombia-Andes"
"Clm-A-E_Ubaque-7",4.5,-73.93,NA,NA,NA,NA,NA,NA,NA,NA,NA,NA,NA,NA,NA,NA,NA,NA,NA,NA,NA,NA,NA,NA,NA,NA,NA,NA,NA,NA,NA,NA,NA,NA,NA,NA,NA,NA,NA,2063,109.6,0.092126101,172,42,1136,370,4e-04,0.046835019,"Cordillera Oriental montane forests",305,7.375,0.5975,3,7,"Woody Savanna",15,0,0,10.19,0,0,0,9.32,15.72,0,0,9.91,0,0,0,0,1.29,0.09,0,20.57,0,11.83,0,0,3.16,0.04,1.28,0,0,1.63,3.43,4.91,2.08,0,4.57,0,36.59,32.11,16.4,3.43,0,0,9.32,2.08,0.09,NA,NA,NA,"Colombia-Andes"
"Clm-A-E_Ubaque-8",4.5,-73.93,NA,NA,NA,NA,NA,NA,NA,NA,NA,NA,NA,NA,NA,NA,NA,NA,NA,NA,NA,NA,NA,NA,NA,NA,NA,NA,NA,NA,NA,NA,NA,NA,NA,NA,NA,NA,NA,2063,109.6,0.092126101,172,42,1136,370,4e-04,0.046835019,"Cordillera Oriental montane forests",305,7.375,0.5975,3,7,"Woody Savanna",15,0,0,10.19,0,0,0,9.32,15.72,0,0,9.91,0,0,0,0,1.29,0.09,0,20.57,0,11.83,0,0,3.16,0.04,1.28,0,0,1.63,3.43,4.91,2.08,0,4.57,0,36.59,32.11,16.4,3.43,0,0,9.32,2.08,0.09,NA,NA,NA,"Colombia-Andes"
"Clm-A-E_Ubaque-9",4.5,-73.93,NA,NA,NA,NA,NA,NA,NA,NA,NA,NA,NA,NA,NA,NA,NA,NA,NA,NA,NA,NA,NA,NA,NA,NA,NA,NA,NA,NA,NA,NA,NA,NA,NA,NA,NA,NA,NA,2063,109.6,0.092126101,172,42,1136,370,4e-04,0.046835019,"Cordillera Oriental montane forests",305,7.375,0.5975,3,1,"Woody Savanna",15,0,0,10.19,0,0,0,9.32,15.72,0,0,9.91,0,0,0,0,1.29,0.09,0,20.57,0,11.83,0,0,3.16,0.04,1.28,0,0,1.63,3.43,4.91,2.08,0,4.57,0,36.59,32.11,16.4,3.43,0,0,9.32,2.08,0.09,NA,NA,NA,"Colombia-Andes"
"Clm-A-E_Verjon-1",4.56,-74.02,13,6.4,8.4,NA,NA,NA,NA,0.193,0.047,0.436,0.644,NA,6,NA,NA,3,NA,NA,NA,NA,NA,NA,NA,NA,NA,NA,NA,NA,NA,NA,NA,NA,NA,NA,NA,NA,NA,3468,109.6,0.00971839,82,30,1165,352,4e-04,0.046835019,"Northern Andean p├íramo",305,3.875,0.445381,3,1,"Semi Desert Shrubs",19.7282238,0,0,10.54,0,0,0,10.24,17.76,0,0,5.57,0,0,0,0,1.45,0.02,0,13.03,0,12.7,0,0,2.91,0.14,3.81,0,0,1.03,3.24,3.66,11.95,0,2.01,0,40.27,19.63,14.71,3.24,0,0,10.24,11.95,0.02,NA,NA,NA,"Colombia-Andes"
"Clm-A-E_Verjon-2",4.56,-74.02,13,6.4,8.4,NA,NA,NA,NA,0.193,0.047,0.436,0.644,NA,6,NA,NA,3,NA,NA,NA,NA,NA,NA,NA,NA,NA,NA,NA,NA,NA,NA,NA,NA,NA,NA,NA,NA,NA,3468,109.6,0.00971839,82,30,1165,352,4e-04,0.046835019,"Northern Andean p├íramo",305,3.875,0.445381,3,1,"Semi Desert Shrubs",19.7282238,0,0,10.54,0,0,0,10.24,17.76,0,0,5.57,0,0,0,0,1.45,0.02,0,13.03,0,12.7,0,0,2.91,0.14,3.81,0,0,1.03,3.24,3.66,11.95,0,2.01,0,40.27,19.63,14.71,3.24,0,0,10.24,11.95,0.02,NA,NA,NA,"Colombia-Andes"
"Clm-A-E_Verjon-3",4.56,-74.02,13,6.4,8.4,NA,NA,NA,NA,0.193,0.047,0.436,0.644,NA,6,NA,NA,3,NA,NA,NA,NA,NA,NA,NA,NA,NA,NA,NA,NA,NA,NA,NA,NA,NA,NA,NA,NA,NA,3468,109.6,0.00971839,82,30,1165,352,4e-04,0.046835019,"Northern Andean p├íramo",305,3.875,0.445381,3,4,"Semi Desert Shrubs",19.7282238,0,0,10.54,0,0,0,10.24,17.76,0,0,5.57,0,0,0,0,1.45,0.02,0,13.03,0,12.7,0,0,2.91,0.14,3.81,0,0,1.03,3.24,3.66,11.95,0,2.01,0,40.27,19.63,14.71,3.24,0,0,10.24,11.95,0.02,NA,NA,NA,"Colombia-Andes"
"Cusco_C-PLS-10",-15.08645,-70.93598,11.8,8.91,142.1,NA,NA,NA,NA,24.46985535,7.066083692,0.940773491,8.347085442,NA,0.521323799,4.124285909,NA,9.721709984,NA,NA,NA,NA,NA,NA,NA,NA,NA,5.5,2.72,6.45,1.1,39.94,NA,3,14.7,0.27,1705.7,8.26,18.9,4270,87.4,2.164190054,46,92,798,2239,0.0012,0.367640505,"Central Andean wet puna",337,0,0.00976563,1,7,"Cold Grassland",5.396477222,0,0,78.58,0,0,0,0,0,0,0,0.05,0,0,0,0,0.25,1.03,0,0,0,0.05,0,0,4.93,0,3.25,0,0,0,0,11.81,0,0,0.05,0,98.82,0.05,0.1,0,0,0,0,0,1.03,0.185034013605442,0.143915343915344,0.473209814722083,"Cusco"
"Cusco_C-PLS-11",-13.62051,-71.72103,15.4,7.58,533,NA,NA,NA,NA,65.05352584,9.204390903,1.729861793,22.28969033,NA,34.78320629,NA,NA,143.8944477,NA,NA,NA,NA,NA,NA,NA,NA,NA,7.1,0.33,2.71,1.33,1.28,NA,3,3.9,1.94,7.6,2.6,98.9,3075,148,0.41101101,126,85,569,1230,0,0.027732319,"Peruvian Yungas",312,0,0.181585,3,4,"Semi Desert Shrubs",10.41053009,0,0,23.87,0,0,0.53,2.17,0.05,0,0,0.03,0.23,2.13,0,0,36.68,0,0,0,0,0.01,0,0,31.9,0,1.66,0,0,0.5,0,0,0,0,0.34,0,94.16,2.66,0.58,0,0,0.53,2.17,0,0,0.0846153846153846,0.00333670374115268,77.265625,"Cusco"
"Cusco_C-PLS-12",-14.12512,-71.463,14.6,8.22,1002,NA,NA,NA,NA,85.46565704,45.23866206,7.696972579,74.54376033,NA,112.7832823,NA,NA,311.9151953,NA,NA,NA,NA,NA,NA,NA,NA,NA,6.6,7.83,14.18,1.43,64.77,NA,3,8.3,3.11,241.3,2.9,141.9,3780,79.9,8.996990204,83,88,813,1804,0.0012,2.511709063,"Central Andean wet puna",312,0,0.161152,1,7,"Cold Grassland",15.68214703,0,0,54.77,0,0,0,0,0,0,0,2.75,0.18,1.61,0,0,1.89,3.24,0,0,0,0,0,0,35.01,0,0.01,0,0,0.09,0,0,0,0,0.5,0,91.68,4.45,0.68,0,0,0,0,0,3.24,0.943373493975904,0.0551797040169133,2.19082908754053,"Cusco"
"Cusco_C-PLS-13",-13.40322,-71.6932,12.1,7.82,32.8,NA,NA,NA,NA,3.84737884,2.283049849,1.042313545,1.19904312,NA,0.173218457,0.518868756,0.627466685,1.653561535,NA,NA,NA,NA,NA,NA,NA,NA,NA,3.5,0.23,1.89,1.12,0.58,NA,3,2.6,0.01,671.3,1.24,0.4,4055,132.4,0.282296985,72,83,719,1497,0,0.027732319,"Peruvian Yungas",312,0,0.139816,1,7,"Cold Grassland",6.436843872,0,0,66.57,0,0,0,0.04,0,0,0,0.47,1.21,0.67,0,0,10.43,0,0,0,0,0.25,0,0,16.32,0,3.2,0,0,0,0,0.7,0,0,0.16,0,97.22,1.14,1.62,0,0,0,0.04,0,0,0.0884615384615385,0.575,0.689655172413793,"Cusco"
"Cusco_Cs-PLS-1",-13.41602,-72.04578,17.3,7.83,255.4,NA,NA,NA,NA,47.37190859,6.228354694,2.256719789,10.64280463,NA,4.958268584,NA,NA,110.8659509,NA,NA,NA,NA,NA,NA,NA,NA,NA,6.6,NA,NA,NA,NA,NA,NA,NA,NA,NA,NA,NA,3689,168.7,3.233649969,94,84,712,1276,0.0016,0.354400965,"Central Andean wet puna",312,1.75,0.147507,3,4,"Semi Desert Shrubs",17.00273323,0,0,31.9,0,0,2.43,1.61,0.12,0,0,1.73,1.51,0.16,0,0,39.12,0.94,0,0,0.24,0.86,0,0,13.51,0,0.72,0,0,0,0,2.97,0.05,0,2.34,0,88.34,1.89,4.71,0,0,2.67,1.61,0.05,0.94,NA,NA,NA,"Cusco"
"Cusco_Cs-PLS-2",-13.39754,-72.12657,17,7.99,2038,NA,NA,NA,NA,194.3798584,173.4880946,17.27815646,48.28029819,NA,25.29997977,NA,NA,1570.548583,NA,NA,NA,NA,NA,NA,NA,NA,NA,10.2,2.33,8.58,1.59,14.52,NA,3,6.2,1.18,142.1,3.18,54.3,3509,152,2.455090046,105,84,703,1208,0.0016,0.354400965,"Central Andean wet puna",312,0,0.134856,1,7,"Cold Grassland",17.0041256,0,0,28.01,0,0,4.58,2.46,0.12,0,0,1.96,3.13,0.16,0,0,35.42,0.78,0,0,0.46,1.08,0,0,14.23,0,0.31,0,0,0,0,4.44,0,0,3.06,0,82.53,2.12,7.27,0,0,5.04,2.46,0,0.78,0.375806451612903,0.0429097605893186,3.7396694214876,"Cusco"
"Cusco_Cs-PLS-3",-14.58489,-71.72196,9.5,7.55,19.2,NA,NA,NA,NA,1.845526016,0.591688146,0.947922635,1.008000859,NA,0.117303636,0.256482237,NA,0.569695436,NA,NA,NA,NA,NA,NA,NA,NA,NA,12.1,0.39,2.9,1.31,2.62,NA,3,6.7,0.04,757.7,7.83,1.7,4578,160.8,0.315636992,33,94,820,1894,0,0.014256301,"Central Andean wet puna",312,0,0.599602,1,7,"Cold Grassland",12,0,0,88.45,0,0,0,0,0,0,0,0.5,0,0.36,0,0,3.23,0,0,0,0,0.15,0,0,5.35,0,0,0,0,0,0,1.57,0,0,0.36,0,98.6,0.86,0.51,0,0,0,0,0,0,0.0582089552238806,0.229411764705882,0.648854961832061,"Cusco"
"Cusco_Cs-PLS-4",-14.59023,-71.70603,10.4,7.62,13.7,NA,NA,NA,NA,1.138385597,0.598466757,1.107413048,1.081196464,NA,0.043892687,0.548012546,NA,0.324370714,NA,NA,NA,NA,NA,NA,NA,NA,NA,0.46,NA,NA,NA,NA,NA,NA,NA,NA,NA,NA,NA,4595,89.8,0.040770698,32,94,821,1894,0,0.014256301,"Central Andean wet puna",312,4.875,0.633671,1,7,"Cold Grassland",8,0,0,89.76,0,0,0,0,0,0,0,0.42,0,0.36,0,0,2.81,0,0,0,0,0.15,0,0,4.9,0,0,0,0,0,0,1.15,0,0,0.43,0,98.62,0.78,0.58,0,0,0,0,0,0,NA,NA,NA,"Cusco"
"Cusco_Cs-PLS-5",-13.86321,-70.25166,10.6,7.52,24.9,NA,NA,NA,NA,3.282102562,0.742913785,0.414781315,1.588413877,NA,0.1407234,0.681007547,NA,1.552627311,NA,NA,NA,NA,NA,NA,NA,NA,NA,10.6,NA,NA,NA,NA,NA,NA,NA,NA,NA,NA,NA,4216,210,0.074124403,56,72,762,1819,0,0.008816197,"Peruvian Yungas",312,8.375,0.473381,2,7,"Cold Grassland",13,2.59,0,48.52,0,0,0,0,0,0,0,0,0,0.91,0,0,5.53,0,0,0.18,0,0.13,0,0,9.53,0,20.39,0,0,0,0,10.56,0,0,1.76,2.59,94.53,1.09,1.89,0,0,0,0,0,0,NA,NA,NA,"Cusco"
"Cusco_Cs-PLS-6",-13.92911,-70.31148,10.1,8.02,47.5,NA,NA,NA,NA,9.772722168,1.050538493,0.396028026,1.780017705,NA,0.08978517,1.695814524,NA,0.678693072,NA,NA,NA,NA,NA,NA,NA,NA,NA,1.3,NA,NA,NA,NA,NA,NA,NA,NA,NA,NA,NA,4533,179.4,0.0128248,43,72,757,1882,0,0.008816197,"Peruvian Yungas",312,4.875,0.31993,1,7,"Cold Grassland",4.366439819,3.24,0.32,48.69,0,0,0,0,0,0,0,0,1.79,0.74,0,0,4.37,0,0,0,0,0.08,0,0,8.59,0,28.58,0,0,0,0,3.17,0,0,0.44,3.56,93.4,0.74,2.31,0,0,0,0,0,0,NA,NA,NA,"Cusco"
"Cusco_Cs-PLS-7",-13.86333,-70.3072,8.4,7.87,20.5,NA,NA,NA,NA,5.258468326,0.654558656,1.038075176,1.631058623,NA,0.105609058,0.562182352,NA,1.252279818,NA,NA,NA,NA,NA,NA,NA,NA,NA,8.6,NA,NA,NA,NA,NA,NA,NA,NA,NA,NA,NA,4071,179.4,0.0173891,59,71,757,1861,0,0.008816197,"Peruvian Yungas",312,3.875,0.406777,1,7,"Upland Tundra",6.629548073,3.25,0.33,44.68,0,0,0,0,0,0,0,0,0.11,0.98,0,0,4.5,0,0,0,0,0.08,0,0,10.61,0,23.21,0,0,0,0,10.75,0,0,1.6,3.58,93.75,0.98,1.79,0,0,0,0,0,0,NA,NA,NA,"Cusco"
"Cusco_Cs-PLS-8",-13.90595,-70.30087,10,7.82,48.8,NA,NA,NA,NA,10.25242721,1.640902251,0.279934595,1.162849959,NA,0.124154468,1.084715136,NA,6.208543347,NA,NA,NA,NA,NA,NA,NA,NA,NA,5.1,NA,NA,NA,NA,NA,NA,NA,NA,NA,NA,NA,4481,179.4,0.116067,44,72,759,1868,0,0.008816197,"Peruvian Yungas",312,6.5,0.503006,1,7,"Cold Grassland",5.629548073,3.25,0.32,48.21,0,0,0,0,0,0,0,0,1.08,0.93,0,0,4.71,0,0,0,0,0.08,0,0,8.87,0,26.45,0,0,0,0,5.21,0,0,0.97,3.57,93.45,0.93,2.13,0,0,0,0,0,0,NA,NA,NA,"Cusco"
"Cusco_Cs-PLS-9",-14.72749,-70.49856,14.7,9.39,3205,NA,NA,NA,NA,360.4724905,205.4368162,42.32845929,318.501695,NA,244.53396,NA,0.117720701,1832.645605,NA,NA,NA,NA,NA,NA,NA,NA,NA,4.9,4.28,15.07,2.05,11.51,NA,3,2.7,1.53,87.2,0.95,121.3,3885,8.5,7.063469887,78,81,686,2327,8e-04,0.723625555,"Central Andean wet puna",337,0,0.0314244,1,7,"Inland Water",11,0,0,34.5,0,0,0,0.75,0,0,0,1.31,1.45,0,0,0,6.01,0.87,0,0,0,0.07,0,0,54.09,0,0,0,0,0,0,0,0,0,0.85,0,94.6,1.31,2.37,0,0,0,0.75,0,0.87,1.58518518518519,0.0352844187963726,10.5386620330148,"Cusco"
"Cusco_Cusc-CH1",-13.91556,-70.86565,6.6,8.17,5.6,NA,NA,NA,NA,0.480426863,0.070024712,0.39293435,1.216001921,NA,0.028393978,0.219647628,0.04622008,0.072946714,NA,NA,NA,NA,NA,NA,NA,NA,NA,10.9,NA,NA,NA,NA,NA,NA,NA,NA,NA,NA,NA,5017,163.6,0.167628005,8,78,804,1820,0,0.009778875,"Central Andean wet puna",312,5.75,0.395037,1,7,"Cold Grassland",5.279921055,3.51,0,19.41,0,0,0,0,0,0,0,0,0.93,5.5,0,0,0.52,2.28,0,0,0,0,0,0,30.92,0,32.55,0,0,0,0,4.02,0,0,0.54,3.51,87.42,5.5,1.47,0,0,0,0,0,2.28,NA,NA,NA,"Cusco"
"Cusco_Cusc-DP1",-13.94436,-70.90269,4.6,9.74,16.7,NA,NA,NA,NA,4.093569152,0.564455042,0.98456845,1.350980267,NA,0.07017016,0.452705805,NA,0.200722092,NA,NA,NA,NA,NA,NA,NA,NA,NA,12.3,NA,NA,NA,NA,NA,NA,NA,NA,NA,NA,NA,4818,181.9,0.00631442,23,79,784,1915,0,0.009778875,"Central Andean wet puna",312,1.625,0.309901,1,7,"Semi Desert Shrubs",5.396477222,3.4,0,29.55,0,0,0,0,0,0,0,0,1.16,6.47,0,0,0.52,2.95,0,0,0,0,0,0,25.9,0,26.31,0,0,0,0,3.36,0,0,0.55,3.4,85.64,6.47,1.71,0,0,0,0,0,2.95,NA,NA,NA,"Cusco"
"Cusco_Cusc-IA1",-13.9481,-70.90091,7.1,7.82,12.8,NA,NA,NA,NA,1.382011869,0.247371398,0.872382505,1.673550318,NA,0.107600746,0.310085939,NA,0.510728039,NA,NA,NA,NA,NA,NA,NA,NA,NA,10.9,NA,NA,NA,NA,NA,NA,NA,NA,NA,NA,NA,4818,181.9,0.0182992,23,79,784,1915,0,0.009778875,"Central Andean wet puna",312,5.75,0.309901,1,7,"Cold Grassland",5.318683624,3.37,0,29.46,0,0,0,0,0,0,0,0,1.16,6.82,0,0,0.52,2.81,0,0,0,0,0,0,26.17,0,26.05,0,0,0,0,3.29,0,0,0.55,3.37,85.49,6.82,1.71,0,0,0,0,0,2.81,NA,NA,NA,"Cusco"
"Cusco_Cusc-YC1",-13.94529,-70.87478,6.6,8.26,11,NA,NA,NA,NA,0.675140711,0.087183333,0.997999052,2.386750983,NA,0.016810544,0.325630167,0.033797838,0.238360586,NA,NA,NA,NA,NA,NA,NA,NA,NA,8.3,NA,NA,NA,NA,NA,NA,NA,NA,NA,NA,NA,4904,181.9,0.05223,17,79,792,1879,0,0.009778875,"Central Andean wet puna",312,4.75,0.359815,1,7,"Shrub Deciduous",5.266884327,3.38,0,23.3,0,0,0,0,0,0,0,0,1.16,7.04,0,0,0.52,2.11,0,0,0,0,0,0,30.48,0,28.51,0,0,0,0,3.2,0,0,0.47,3.38,86.01,7.04,1.63,0,0,0,0,0,2.11,NA,NA,NA,"Cusco"
"EpNGEO-F_Caricoch",0.137846,-78.266149,11.32,4.74,53,NA,NA,7,NA,1.14,1.31,0.43,1.36,NA,0.627,0.003,0.017,3.6,0,0,0,7.7,0.84,NA,NA,NA,NA,92.9,2.87,7.26,1.21,54.73,NA,3,19.1,0.31,2069.9,11.05,10.3,3722,88.6,2.74435997,68,27,1319,303,0.0016,0.503409922,"Northern Andean p├íramo",301,NA,0.070958,3,7,"Semi Desert Shrubs",8.266884804,0,0,6.16,0,0,0,23.81,3.03,0,0,6.36,1.14,2.03,0,0,3.87,0.53,0,2.61,1.89,14.97,0,0,10.56,0,2.16,0,0,0.29,0.08,14.23,0,0,6.2,0,40.01,11.29,22.31,0.08,0,1.89,23.81,0,0.53,0.150261780104712,0.278640776699029,0.188196601498264,"Ecuador-Andean"
"EpNGEO-F_Chiriacu1",0.114,-78.273,11.27,4.85,33,NA,NA,0.9,NA,1.27,0.61,1.1,1.03,NA,0.854,0,0,6.24,0,0.241,0,7.1,0.78,NA,NA,NA,NA,6.6,0.15,1.56,1.14,1.04,NA,3,7,0.09,136.5,11.29,3,3703,72.8,0.081,64,25,1353,309,0.0016,0.503409922,"Northern Andean p├íramo",301,NA,0.203371,3,1,"Cold Grassland",7.255021572,0,0,6.93,0,0,0,19.25,4.89,0,0,5.98,1.14,2.1,0,0,3.99,0.53,0,2.41,1.27,13.7,0,0,10.79,0,3.81,0,0,0.29,0.08,16.82,0,0,5.95,0,47.23,10.78,20.79,0.08,0,1.27,19.25,0,0.53,0.0214285714285714,0.05,2.88461538461538,"Ecuador-Andean"
"EpNGEO-F_Cubilche1",0.232,-78.134,10.51,4.99,29,NA,NA,1.4,NA,0.47,0.34,1.46,0.64,NA,1.26,0,0,7.63,0,0,0,6.8,0.76,NA,NA,NA,NA,2.37,NA,NA,NA,NA,NA,NA,NA,NA,NA,NA,NA,3778,180.8,0.014,62,21,1330,374,0.0016,0.503409922,"Northern Andean p├íramo",301,NA,0.600772,3,7,"Savanna (Woods)",7.396477222,0,0,2.08,0,0,0,32.6,8.98,0,0,8.71,0.27,0.48,0,0,4.5,0.66,0,6.38,3.11,10.45,0,0,11.43,0,0,0,0,0.64,0.51,0,0,0,9.08,0,26.99,16.21,19.8,0.51,0,3.11,32.6,0,0.66,NA,NA,NA,"Ecuador-Andean"
"EpNGEO-F_Cuicocha1",0.3,-78.36666667,15.75,4.8,1212,NA,NA,10,NA,25.8,36.4,4.93,59.4,NA,52,0,0.014,32.1,0,0,0,13.8,1.37,NA,NA,NA,NA,31.3,NA,NA,NA,NA,NA,NA,NA,NA,NA,NA,NA,3123,57.9,2.296010017,111,49,1046,184,0.0016,0.503409922,"Northwestern Andean montane forests",301,NA,0.124358,3,1,"Crops and Town",10,0,3.36,16.63,0,0,0,21.69,2.41,0,0,4.18,0.72,0.52,0,0,1.09,0.53,0,2.87,0.43,13.19,0,0,7.99,0,8.52,0,0,0.13,0,14.79,0,0,0.87,3.36,51.43,7.7,14.78,0,0,0.43,21.69,0,0.53,NA,NA,NA,"Ecuador-Andean"
"EpNGEO-F_Cunrro1",0.235,-78.089,17.93,7.95,343,NA,NA,1.38,NA,4.9,5.6,25.7,9.95,NA,8.92,0.154,0.137,0.618,0.26,3.45,0.689,24.3,2.3,NA,NA,NA,NA,5,NA,NA,NA,NA,NA,NA,NA,NA,NA,NA,NA,2821,180.8,0.0266158,130,40,984,253,8e-04,0.673530132,"Northwestern Andean montane forests",301,NA,0.332379,3,7,"Rice Paddy and Field",14,0,0,4.29,0,0,0,27.35,9.81,0,0,8.65,0.23,0.48,0,0,4.01,0.83,0,7.12,3.01,10,0,0,11.69,0.32,0,0,0,1.34,0.98,0.93,0,0,8.89,0,31.05,17.59,19.12,0.98,0,3.01,27.35,0,0.83,NA,NA,NA,"Ecuador-Interandean"
"EpNGEO-F_Huarmcch1",0.129,-78.254,10.01,5.29,62,NA,NA,2.9,NA,1.63,1.42,0.66,1.94,NA,0.58,0,0.006,7.9,0,0.019,0.003,8.7,0.98,NA,NA,NA,NA,4,NA,NA,NA,NA,NA,NA,NA,NA,NA,NA,NA,3702,88.6,0.081780501,67,25,1326,335,0.0016,0.503409922,"Northern Andean p├íramo",301,NA,0.460653,2,1,"Semi Desert Shrubs",7.258657455,0,0,5.93,0,0,0,23,3.69,0,0,7.13,1.16,2.12,0,0,4.06,0.53,0,2.38,2.42,14.65,0,0,10.59,0,2.05,0,0,0.29,0.08,13.42,0,0,6.4,0,39.74,11.92,22.21,0.08,0,2.42,23,0,0.53,NA,NA,NA,"Ecuador-Andean"
"EpNGEO-F_SanPablo",0.2166,-78.233,15.12,7.14,10,NA,NA,3.4,NA,7.64,12.2,3.1,27.1,NA,4.67,0,0,6.92,0.164,0,0.126,30,3.02,NA,NA,NA,NA,23.5,5.98,9.66,1.11,26.45,NA,3,4.4,3.94,77.7,1.52,131.8,2662,5.6,4.383900166,141,41,966,140,0.0016,0.503409922,"Northwestern Andean montane forests",301,NA,0.0524902,3,7,"Semi Desert Shrubs",30,0,0,5.56,0,0,0,36.85,2.61,0,0,8.72,0.94,0.83,0,0,3.85,0.53,0,2.79,3.33,16.17,0,0,9.05,0,0.16,0,0,0.29,0.19,0.48,0,0,7.55,0,21.71,12.63,24.66,0.19,0,3.33,36.85,0,0.53,1.35909090909091,0.0453717754172989,4.98298676748582,"Ecuador-Interandean"
"EpNGEO-F_Yahurcch",0.371130241,-78.10163467,20.62,7.78,1045,NA,NA,0.3,NA,14.6,0.67,0.67,1.27,NA,12.2,0,0,0.53,0.018,1.79,0.056,39.4,3.53,NA,NA,NA,NA,7,2.32,6.96,1.29,25.29,NA,3,10.9,0.73,399.3,6.17,23.6,2189,63.5,1.873110056,164,44,602,162,8e-04,0.673530132,"Northwestern Andean montane forests",301,NA,0.134885,2,7,"Semi Desert Shrubs",29.3394661,0,0,7.46,0,0,0,26.82,8.65,0,0,4.21,0,0.09,0,0,2.4,0.13,0,3.94,2.62,9.02,0,0,21.55,0,0.05,0,0,0.54,0.43,6.25,0,0,5.81,0,46.36,8.78,14.83,0.43,0,2.62,26.82,0,0.13,0.212844036697248,0.0983050847457627,0.933175168050613,"Ecuador-Interandean"
"EpNGEO-F_Yambo1",-1.104,-78.586,19.66,6.52,3969,NA,NA,0.2,NA,7.85,147,2.46,336,NA,110,0,0.317,687,0,1.18,0.194,7.9,0.71,NA,NA,NA,NA,24.5,NA,NA,NA,NA,NA,NA,NA,NA,NA,NA,NA,2611,129.8,0.304883987,143,27,533,668,4e-04,0.185148996,"Eastern Cordillera real montane forests",312,NA,0.337169,4,1,"Semi Desert Shrubs",31.01140785,0,0,7.2,0,0,0,9.32,18.6,0,0,3.88,0,4.22,0,0,14.06,0,0,0,0.24,4,0,0,15.26,0,4.17,0,0,0.4,0,17.02,0.18,0,1.36,0,76.31,8.5,5.36,0,0,0.24,9.32,0.18,0,NA,NA,NA,"Ecuador-Interandean"
"EpNGEO-F_Yanacoch1",0.124,-78.251,7.94,5.29,39,NA,NA,0,NA,1.7,0.67,0.67,1.27,NA,0.634,0.003,0.01,4.93,0,0.218,0,4.3,0.52,NA,NA,NA,NA,2.1,NA,NA,NA,NA,NA,NA,NA,NA,NA,NA,NA,3883,88.6,0.155277997,50,21,1412,345,0.0016,0.503409922,"Northern Andean p├íramo",301,NA,0.460653,2,1,"Semi Desert Shrubs",7.258657455,0,0,5.89,0,0,0,22.49,4.09,0,0,7.15,1.2,2.13,0,0,4.1,0.53,0,2.37,2.46,14.42,0,0,10.65,0,2.1,0,0,0.29,0.08,13.44,0,0,6.48,0,40.27,11.94,22.1,0.08,0,2.46,22.49,0,0.53,NA,NA,NA,"Ecuador-Andean"
"EpNGEO-J_Colta-22",-1.727,-78.759,NA,NA,NA,NA,NA,2,NA,35,72.7,24.7,0.58,NA,18.5,0,0,0,0,NA,NA,NA,NA,NA,NA,NA,NA,2.5,0.23,2.71,1.59,0.49,NA,3,2.1,0.58,9.7,0.83,22.7,3300,138.6,1.649209976,104,33,902,390,0,0,"Eastern Cordillera real montane forests",312,NA,0.366875,7,7,"Upland Tundra",28,0,0,15.91,0,0,0,0.25,0.44,0,0,0.13,0.11,0.56,0,0,0,0,0,0.36,0,1.46,0,0,7.47,0,7.71,0,0,0,0,63.28,0.18,0,2.13,0,94.81,1.05,3.7,0,0,0,0.25,0.18,0,0.10952380952381,0.0101321585903084,46.3265306122449,"Ecuador-Interandean"
"EpNGEO-J_DsChrrrs1",-2.770278,-79.159722,11.02,7.47,127.48,NA,0.98,6.2,NA,16.5,1.07,0.31,1.21,NA,0.35,0,0,3.06,0,0.459,0.086,NA,NA,NA,NA,NA,NA,18,0.15,1.59,1.15,1.38,NA,3,9.1,0.14,110.8,19.7,7.1,3689,225.7,0.162431002,67,27,1060,442,0.0012,0.131834973,"Northern Andean p├íramo",312,NA,0.487085,1,7,"Cold Grassland",14,0.13,0.91,33.88,0,0,0,7.87,5.22,0,0,0.53,0.09,0,0,0,0.27,0,0,0,0,0.96,0,0,8.48,0,18.84,0,0,0,0,22.15,0.3,0.1,0.08,1.04,88.84,0.53,1.13,0,0.1,0,7.87,0.3,0,0.0164835164835165,0.0211267605633803,5.14492753623188,"Ecuador-Andean"
"EpNGEO-J_Estrllsc1",-2.9133061,-79.25378188,10.36,6.74,30.3,NA,1.34,6,NA,2.92,0.32,0.28,0.66,NA,0,0,0,0.16,0,0.319,0.129,NA,NA,NA,NA,NA,NA,12,NA,NA,NA,NA,NA,NA,NA,NA,NA,NA,NA,3815,138.6,0.098,64,32,1039,461,0.0012,0.131834973,"Northern Andean p├íramo",312,NA,0.383929,3,1,"Cold Grassland",15,0,0.13,33.09,0,0,0,2.02,6.95,0,0,0.31,0.08,0,0,0,0.22,0,0,0.16,0,2.84,0,0,10.17,0,8.82,0,0,0,0,34.86,0,0,0.23,0.13,94.11,0.47,3.15,0,0,0,2.02,0,0,NA,NA,NA,"Ecuador-Andean"
"EpNGEO-J_Fondocch1",-2.759813487,-79.23635015,11.05,7.29,52.8,NA,2.27,3.5,NA,7.25,0.43,0.27,0.8,NA,0.13,0,0,0.42,0,0.2,0.117,NA,NA,NA,NA,NA,NA,10,NA,NA,NA,NA,NA,NA,NA,NA,NA,NA,NA,4120,225.7,0.0346759,47,42,886,352,0.0012,0.131834973,"Northern Andean p├íramo",312,NA,0.46744,1,7,"Shrub Deciduous",10,0.35,11.54,27.48,0,0,0,0.94,0.65,0,0,0.01,0,0,0,0,0,0,0,0,0,0.11,0,0,7.12,0,24.59,0,0,0,0,26.98,0,0.08,0,11.89,86.82,0.01,0.11,0,0.08,0,0.94,0,0,NA,NA,NA,"Ecuador-Andean"
"EpNGEO-J_Jigeno1",-2.9118,-79.292,12.5,6.75,32.41,NA,0.8,6,NA,4.18,0.34,0.24,1.23,NA,0.13,0,0,0.36,0,0.426,0.12,NA,NA,NA,NA,NA,NA,13,NA,NA,NA,NA,NA,NA,NA,NA,NA,NA,NA,3960,140.2,0.211,57,37,990,448,0.0012,0.131834973,"Northern Andean p├íramo",312,NA,0.406294,3,1,"Cold Grassland",8.728223801,0,0.56,29.74,0,0,0,0.73,3.85,0,0,0,0.08,0,0,0,0.11,0,0,0,0,1.53,0,0,8.81,0,11.44,0,0,0,0,42.83,0,0,0.18,0.56,96.78,0,1.79,0,0,0,0.73,0,0,NA,NA,NA,"Ecuador-Andean"
"EpNGEO-J_Kuyuk1",-2.18,-78.5,9.4,NA,41,NA,NA,4.75,NA,5.51,1.09,4.6,0.74,NA,0,0,0,0.83,0,0.401,0.082,NA,NA,NA,NA,NA,NA,8,NA,NA,NA,NA,NA,NA,NA,NA,NA,NA,NA,3406,248.8,0.046,100,25,1239,307,0.0012,0.071441561,"Northern Andean p├íramo",312,NA,0.599497,4,1,"Shrub Deciduous",10.75750732,0.53,17.5,13,0,0,0,0.05,3.92,0,0,0,0.38,0.54,0,0,4.17,0.96,0,0,0,0.12,0,0,0.88,0,39.41,0,0,0,0,18.42,0,0,0.08,18.03,79.8,0.54,0.58,0,0,0,0.05,0,0.96,NA,NA,NA,"Ecuador-Andean"
"EpNGEO-J_Llaviucu",-2.8429,-79.146,12.2,7.7,111.29,NA,1.6,6,NA,19,1.2,0.21,1.18,5.42,0.08,0.002,0.03,1.99,NA,0.139,0.038,NA,NA,NA,NA,2.3,NA,17,0.19,2.36,1.53,1.63,NA,NA,8.56,NA,18.75,NA,47.7,3150,225.7,0.120999001,102,25,1000,718,0.0012,0.131834973,"Eastern Cordillera real montane forests",312,NA,0.301966,3,7,"Crops and Town",6.339466572,0,0.24,33.53,0,0,0,11.06,10.03,0,0,1.07,0.09,0,0,0,0.32,0,0,0,0,2.64,0,0,12.9,0,11.77,0,0,0,0,13.21,2.76,0.08,0,0.24,81.76,1.07,2.73,0,0.08,0,11.06,2.76,0,0.022196261682243,0.0039832285115304,29.2638036809816,"Ecuador-Andean"
"EpNGEO-J_Marmlcch1",-2.781,-79.219,12.4,6.43,69.7,NA,1.16,11,NA,10.2,0.93,0.31,1.15,NA,0.13,0,0,0.8,0,0.393,0.091,NA,NA,NA,NA,NA,NA,11,NA,NA,NA,NA,NA,NA,NA,NA,NA,NA,NA,3924,225.7,0.011,59,36,967,394,0.0012,0.131834973,"Northern Andean p├íramo",312,NA,0.349833,4,1,"Cold Grassland",14,0.29,6.63,30.37,0,0,0,2.81,2.6,0,0,0.3,0.02,0,0,0,0.11,0,0,0,0,0.35,0,0,8.11,0,22.4,0,0,0,0,25.73,0,0.08,0,6.92,89.32,0.3,0.37,0,0.08,0,2.81,0,0,NA,NA,NA,"Ecuador-Andean"
"JunnPln_HgpCv,in",-11.268183,-75.787169,13.1,7.29,687,NA,NA,NA,197.1,99.2,17.9,0.8,22,3.3,44.7,NA,0.8,104.6,NA,NA,NA,NA,3.63,NA,NA,NA,NA,NA,NA,NA,NA,NA,NA,NA,NA,NA,NA,NA,NA,3559,203.9,1.176419973,76,64,727,728,0,0.047056838,"Peruvian Yungas",312,27.75,0.449079,3,2,"Semi Desert Shrubs",6.852497578,0,0,10.03,0,0,0,0.07,0,0,0,1.38,0,4.65,0,0,2.19,0.23,0,0.77,0,0,0,0,70.03,0,7.26,0,0,0,0,2,0,0,1.41,0,91.51,6.8,1.41,0,0,0,0.07,0,0.23,NA,NA,NA,"JuninPlain"
"JunnPln_HgpCv,ot",-11.268183,-75.787169,13.7,7.34,680,NA,NA,NA,211.4,NA,NA,NA,NA,NA,44.6,NA,0.5,104.6,NA,NA,NA,NA,3.432,NA,NA,NA,NA,NA,NA,NA,NA,NA,NA,NA,NA,NA,NA,NA,NA,3559,203.9,1.176419973,76,64,727,728,0,0.047056838,"Peruvian Yungas",312,27.75,0.449079,2,4,"Semi Desert Shrubs",6.852497578,0,0,10.03,0,0,0,0.07,0,0,0,1.38,0,4.65,0,0,2.19,0.23,0,0.77,0,0,0,0,70.03,0,7.26,0,0,0,0,2,0,0,1.41,0,91.51,6.8,1.41,0,0,0,0.07,0,0.23,NA,NA,NA,"JuninPlain"
"JunnPln_J11,GK251",-10.943925,-76.04598333,10.7,8.04,354,NA,NA,NA,180,54.9,10.3,0.6,1.2,2.9,2.5,NA,2.6,12.5,NA,1774.53,60.67,NA,4.092,NA,NA,NA,NA,NA,NA,NA,NA,NA,NA,NA,NA,NA,NA,NA,NA,4099,68.7,68.7,60,58,1098,746,0.004,16.32198662,"Central Andean wet puna",312,7.875,0.376692,4,1,"Cold Grassland",20.43670082,0,0,33.31,0,0,0,0.93,0,0,0,28.38,0.5,1.37,0,0,2.29,14.76,0,0,1.2,0,0,0,2.93,0,11.32,0,0,0,1.93,0,0,0,0.82,0,49.85,29.75,1.32,1.93,0,1.2,0.93,0,14.76,NA,NA,NA,"JuninPlain"
"JunnPln_J11,GK252",-10.943925,-76.04598333,10.7,8.04,354,NA,NA,NA,180,54.9,10.3,0.6,1.2,2.9,2.5,NA,2.6,12.5,NA,1774.53,60.67,NA,4.092,NA,NA,NA,NA,NA,NA,NA,NA,NA,NA,NA,NA,NA,NA,NA,NA,4099,68.7,68.7,60,58,1098,746,0.004,16.32198662,"Central Andean wet puna",312,7.875,0.376692,2,4,"Cold Grassland",20.43670082,0,0,33.31,0,0,0,0.93,0,0,0,28.38,0.5,1.37,0,0,2.29,14.76,0,0,1.2,0,0,0,2.93,0,11.32,0,0,0,1.93,0,0,0,0.82,0,49.85,29.75,1.32,1.93,0,1.2,0.93,0,14.76,NA,NA,NA,"JuninPlain"
"JunnPln_J11,GK253",-10.943925,-76.04598333,10.7,8.04,354,NA,NA,NA,180,54.9,10.3,0.6,1.2,2.9,2.5,NA,2.6,12.5,NA,1774.53,60.67,NA,4.092,NA,NA,NA,NA,NA,NA,NA,NA,NA,NA,NA,NA,NA,NA,NA,NA,4099,68.7,68.7,60,58,1098,746,0.004,16.32198662,"Central Andean wet puna",312,7.875,0.376692,4,1,"Cold Grassland",20.43670082,0,0,33.31,0,0,0,0.93,0,0,0,28.38,0.5,1.37,0,0,2.29,14.76,0,0,1.2,0,0,0,2.93,0,11.32,0,0,0,1.93,0,0,0,0.82,0,49.85,29.75,1.32,1.93,0,1.2,0.93,0,14.76,NA,NA,NA,"JuninPlain"
"JunnPln_J13,Qd.A1",-10.97911667,-76.03618667,16.3,8.54,291,NA,NA,NA,88.6,47.1,3.3,0.6,1.5,2.3,0.5,NA,0,4.8,NA,486.28,34.6,NA,3.234,NA,NA,NA,NA,NA,NA,NA,NA,NA,NA,NA,NA,NA,NA,NA,NA,4112,50.9,50.9,60,58,1067,774,0.004,16.32198662,"Central Andean wet puna",312,5.875,0.462238,4,1,"Evergreen Forest and Fields",5.253419399,0,0,34.22,0,0,0,1.87,0,0,0,25.21,0.55,1.45,0,0,3.28,14.53,0,0,1.19,0,0,0,4.34,0,9.8,0,0,0,1.82,0,0,0,1.51,0,51.64,26.66,2.06,1.82,0,1.19,1.87,0,14.53,NA,NA,NA,"JuninPlain"
"JunnPln_Jn10,TdS1",-10.80961333,-76.1337,10.7,8.21,256,NA,NA,NA,145.7,43.4,3.1,0.4,2.6,1.8,0.6,0.1,NA,1.9,NA,283.84,16.36,NA,4.224,NA,NA,NA,NA,NA,NA,NA,NA,NA,NA,NA,NA,NA,NA,NA,NA,4448,65.4,65.4,49,58,1038,724,0.004,16.32198662,"Central Andean wet puna",312,11.375,0.564168,4,2,"Evergreen Forest and Fields",8,0,0,29.2,0,0,0,0.94,0,0,0,51.22,0.27,2.74,0,0,2.86,2.47,0,0,1.3,0,0,0,0.13,0,5.4,0,0,0,2.12,0.05,0.35,0,0.79,0,37.64,53.96,1.06,2.12,0,1.3,0.94,0.35,2.47,NA,NA,NA,"JuninPlain"
"JunnPln_Jn10,TdS2",-10.80961333,-76.1337,10.7,8.21,256,NA,NA,NA,145.7,43.4,3.1,0.4,2.6,1.8,0.6,0.1,NA,1.9,NA,283.84,16.36,NA,4.224,NA,NA,NA,NA,NA,NA,NA,NA,NA,NA,NA,NA,NA,NA,NA,NA,4348,65.4,0.031974599,54,58,1065,723,0.004,16.32198662,"Central Andean wet puna",312,3.125,0.611289,4,2,"Evergreen Forest and Fields",8,0,0,29.24,0,0,0,0.93,0,0,0,51.26,0.18,2.05,0,0,3.22,1.37,0,0,1.3,0,0,0,0.16,0,6.86,0,0,0,2.12,0.05,0.33,0,0.79,0,39.53,53.31,0.97,2.12,0,1.3,0.93,0.33,1.37,NA,NA,NA,"JuninPlain"
"JunnPln_Jn14,PR.1",-10.91474722,-76.0468,12.8,9.04,304,NA,NA,NA,148.6,36.8,9.7,0.6,7.8,1.3,8.3,NA,0,10.5,NA,320.65,18.96,NA,3.564,NA,NA,NA,NA,NA,NA,NA,NA,NA,NA,NA,NA,NA,NA,NA,NA,4152,37.6,37.6,59,57,1141,760,0.004,16.32198662,"Central Andean wet puna",312,2.375,0.222212,4,1,"Cold Grassland",27.7282238,0,0,33.32,0,0,0,0.55,0,0,0,31.03,0.19,0.71,0,0,2,13.78,0,0,1.16,0,0,0,1.17,0,13.28,0,0,0,2.04,0.05,0,0,0.47,0,49.82,31.74,0.66,2.04,0,1.16,0.55,0,13.78,NA,NA,NA,"JuninPlain"
"JunnPln_Jn7,SPdP1",-10.963775,-76.23076944,15.8,8.37,221,NA,NA,NA,NA,NA,NA,NA,NA,NA,NA,NA,NA,NA,NA,443.34,13.75,NA,4.752,NA,NA,NA,NA,NA,NA,NA,NA,NA,NA,NA,NA,NA,NA,NA,NA,4080,45.6,396.4670105,59,63,945,798,0.004,16.32198662,"Central Andean wet puna",312,1.125,0.603683,4,1,"Forest and Field",3.526983976,0,0,26.81,0,0,0,3.8,0,0,0,32.79,0.56,6.4,0,0,5.39,12.33,0,0,1.3,0,0,0,3.39,0,2.2,0,0,0,2.12,0.08,0,0,2.72,0,37.87,39.19,3.28,2.12,0,1.3,3.8,0,12.33,NA,NA,NA,"JuninPlain"
"JunnPln_Jnn1,CR.1",-11.16535,-76.0174,11.2,7.91,337,NA,NA,NA,188.6,55.9,8.9,0.6,3.1,2.9,1.7,NA,0,12.5,NA,271.57,16.36,NA,5.016,NA,NA,NA,NA,NA,NA,NA,NA,NA,NA,NA,NA,NA,NA,NA,NA,4091,100.2,1.190160036,55,58,914,839,0.0012,0.094675724,"Central Andean wet puna",312,1,0.501251,3,2,"Rice Paddy and Field",16,0,0,26.41,0,0,0,1.66,0,0,0,13.15,0.7,10.73,0,0,12.87,8.29,0,0,1.73,0,0,0,16.96,0,4.2,0,0,0,0.23,0,0,0,3.07,0,60.44,23.88,3.77,0.23,0,1.73,1.66,0,8.29,NA,NA,NA,"JuninPlain"
"JunnPln_Jnn12,Ch1",-11.00235833,-76.01002333,13.9,8.82,168,NA,NA,NA,106.9,25.4,2.6,1.3,3,1.2,0.4,NA,0,4.8,NA,289.98,11.15,NA,2.97,NA,NA,NA,NA,NA,NA,NA,NA,NA,NA,NA,NA,NA,NA,NA,NA,4111,59.4,59.4,59,58,1049,770,0.004,16.32198662,"Central Andean wet puna",312,2.625,0.23393,4,1,"Cold Grassland",13.25081539,0,0,35.49,0,0,0,1.6,0,0,0,21.12,0.4,2.03,0,0,3.95,13.79,0,0,1.53,0,0,0,5.75,0,10.59,0,0,0,1.92,0,0,0,1.59,0,55.78,23.15,1.99,1.92,0,1.53,1.6,0,13.79,NA,NA,NA,"JuninPlain"
"JunnPln_Jnn2,Wrs1",-11.113117,-76.090863,12.5,7.62,519,NA,NA,NA,240,72.5,14.8,1.9,11.6,4.4,14.9,NA,0,51.8,NA,375.86,8.54,NA,2.838,NA,NA,NA,NA,NA,NA,NA,NA,NA,NA,NA,NA,NA,NA,NA,NA,4082,103.4,396.4670105,56,59,941,829,0.004,16.32198662,"Central Andean wet puna",312,0.875,0.202515,4,2,"Hot and Mild Grasses and Shrubs",8,0,0,27.42,0,0,0,2.03,0,0,0,20.61,0.86,8.81,0,0,12.23,13.35,0,0,1.73,0,0,0,5.59,0,2.98,0,0,0,1.18,0,0,0,3.13,0,48.22,29.42,3.99,1.18,0,1.73,2.03,0,13.35,NA,NA,NA,"JuninPlain"
"JunnPln_Jnn2,Wrs2",-11.113117,-76.090863,12.5,7.62,519,NA,NA,NA,240,72.5,14.8,1.9,11.6,4.4,14.9,NA,0,51.8,NA,375.86,8.54,NA,2.838,NA,NA,NA,NA,NA,NA,NA,NA,NA,NA,NA,NA,NA,NA,NA,NA,4082,103.4,396.4670105,56,59,941,829,0.004,16.32198662,"Central Andean wet puna",312,0.875,0.202515,4,1,"Hot and Mild Grasses and Shrubs",8,0,0,27.42,0,0,0,2.03,0,0,0,20.61,0.86,8.81,0,0,12.23,13.35,0,0,1.73,0,0,0,5.59,0,2.98,0,0,0,1.18,0,0,0,3.13,0,48.22,29.42,3.99,1.18,0,1.73,2.03,0,13.35,NA,NA,NA,"JuninPlain"
"JunnPln_Jnn2,Wrs3",-11.113117,-76.090863,12.5,7.62,519,NA,NA,NA,240,72.5,14.8,1.9,11.6,4.4,14.9,NA,0,51.8,NA,375.86,8.54,NA,2.838,NA,NA,NA,NA,NA,NA,NA,NA,NA,NA,NA,NA,NA,NA,NA,NA,4082,103.4,396.4670105,56,59,941,829,0.004,16.32198662,"Central Andean wet puna",312,0.875,0.202515,4,1,"Hot and Mild Grasses and Shrubs",8,0,0,27.42,0,0,0,2.03,0,0,0,20.61,0.86,8.81,0,0,12.23,13.35,0,0,1.73,0,0,0,5.59,0,2.98,0,0,0,1.18,0,0,0,3.13,0,48.22,29.42,3.99,1.18,0,1.73,2.03,0,13.35,NA,NA,NA,"JuninPlain"
"JunnPln_Jnn3,sp21",-11.124276,-76.086351,12.9,7.54,530,NA,NA,NA,216.7,74.1,15.9,2.1,12,4.9,13.3,NA,0.7,42.2,NA,602.84,13.75,NA,3.234,NA,NA,NA,NA,NA,NA,NA,NA,NA,NA,NA,NA,NA,NA,NA,NA,4083,42.5,396.4670105,55,59,937,823,0.004,16.32198662,"Central Andean wet puna",312,0.875,0.60498,3,2,"Hot and Mild Grasses and Shrubs",8,0,0,26.53,0,0,0,2.04,0,0,0,19.93,0.86,9.16,0,0,13.26,13.12,0,0,1.73,0,0,0,6.94,0,2.77,0,0,0,0.49,0,0,0,3.13,0,49.5,29.09,3.99,0.49,0,1.73,2.04,0,13.12,NA,NA,NA,"JuninPlain"
"JunnPln_Jnn4,Ons1",-11.08169722,-76.14765556,16.2,7.56,445,NA,NA,NA,211.1,64.7,14.8,1.1,14.9,6.6,6.7,NA,0.1,20.2,NA,1032.25,29.39,NA,2.772,NA,NA,NA,NA,NA,NA,NA,NA,NA,NA,NA,NA,NA,NA,NA,NA,4112,103.4,396.4670105,56,60,948,840,0.004,16.32198662,"Central Andean wet puna",312,9.25,0.389999,2,4,"Evergreen Forest and Fields",18,0,0,24.69,0,0,0,3.21,0,0,0,21.95,0.48,9.74,0,0,13.17,13.83,0,0,1.67,0,0,0,2.39,0,3.25,0,0,0,1.92,0,0,0,3.65,0,43.5,31.69,4.13,1.92,0,1.67,3.21,0,13.83,NA,NA,NA,"JuninPlain"
"JunnPln_Jnn4,Ons2",-11.08169722,-76.14765556,16.2,7.56,445,NA,NA,NA,211.1,64.7,14.8,1.1,14.9,6.6,6.7,NA,0.1,20.2,NA,1032.25,29.39,NA,2.772,NA,NA,NA,NA,NA,NA,NA,NA,NA,NA,NA,NA,NA,NA,NA,NA,4112,103.4,396.4670105,56,60,948,840,0.004,16.32198662,"Central Andean wet puna",312,9.25,0.389999,4,1,"Evergreen Forest and Fields",18,0,0,24.69,0,0,0,3.21,0,0,0,21.95,0.48,9.74,0,0,13.17,13.83,0,0,1.67,0,0,0,2.39,0,3.25,0,0,0,1.92,0,0,0,3.65,0,43.5,31.69,4.13,1.92,0,1.67,3.21,0,13.83,NA,NA,NA,"JuninPlain"
"JunnPln_Jnn5,Cns1",-11.055655,-76.15787333,16.8,7.35,1184,NA,NA,NA,240.5,98.7,25.6,4.2,89.4,5.2,148.8,NA,0,66.2,NA,486.28,13.75,NA,2.64,NA,NA,NA,NA,NA,NA,NA,NA,NA,NA,NA,NA,NA,NA,NA,NA,4095,103.4,396.4670105,57,61,955,828,0.004,16.32198662,"Central Andean wet puna",312,8.625,0.0766718,7,4,"Cold Grassland",5.728223801,0,0,24.48,0,0,0,3.42,0,0,0,25.19,0.45,9.31,0,0,10.06,13.84,0,0,1.64,0,0,0,1.84,0,3.35,0,0,0,2.35,0,0,0,3.96,0,39.73,34.5,4.41,2.35,0,1.64,3.42,0,13.84,NA,NA,NA,"JuninPlain"
"JunnPln_Jnn5,Cns2",-11.055655,-76.15787333,16.8,7.35,1184,NA,NA,NA,240.5,98.7,25.6,4.2,89.4,5.2,148.8,NA,0,66.2,NA,486.28,13.75,NA,2.64,NA,NA,NA,NA,NA,NA,NA,NA,NA,NA,NA,NA,NA,NA,NA,NA,4095,103.4,396.4670105,57,61,955,828,0.004,16.32198662,"Central Andean wet puna",312,8.625,0.0766718,4,1,"Cold Grassland",5.728223801,0,0,24.48,0,0,0,3.42,0,0,0,25.19,0.45,9.31,0,0,10.06,13.84,0,0,1.64,0,0,0,1.84,0,3.35,0,0,0,2.35,0,0,0,3.96,0,39.73,34.5,4.41,2.35,0,1.64,3.42,0,13.84,NA,NA,NA,"JuninPlain"
"JunnPln_Jnn6,CR.1",-11.041975,-76.187925,15.2,7.98,426.4,NA,NA,NA,108.6,19.7,9.3,2.9,4,0.6,0.5,NA,0,12.5,NA,118.21,16.36,NA,4.884,NA,NA,NA,NA,NA,NA,NA,NA,NA,NA,NA,NA,NA,NA,NA,NA,4099,25.1,396.4670105,55,61,954,822,0.004,16.32198662,"Central Andean wet puna",312,6,0.426492,4,1,"Crops and Town",14,0,0,23.7,0,0,0,4.42,0,0,0,26.17,0.39,9.47,0,0,8.34,13.84,0,0,1.65,0,0,0,2.83,0,3.56,0,0,0,2.12,0.08,0,0,3.32,0,38.51,35.64,3.71,2.12,0,1.65,4.42,0,13.84,NA,NA,NA,"JuninPlain"
"JunnPln_Jnn6,CR.2",-11.041975,-76.187925,15.2,7.98,426.4,NA,NA,NA,108.6,19.7,9.3,2.9,4,0.6,0.5,NA,0,12.5,NA,118.21,16.36,NA,4.884,NA,NA,NA,NA,NA,NA,NA,NA,NA,NA,NA,NA,NA,NA,NA,NA,4099,25.1,396.4670105,55,61,954,822,0.004,16.32198662,"Central Andean wet puna",312,6,0.426492,4,1,"Crops and Town",14,0,0,23.7,0,0,0,4.42,0,0,0,26.17,0.39,9.47,0,0,8.34,13.84,0,0,1.65,0,0,0,2.83,0,3.56,0,0,0,2.12,0.08,0,0,3.32,0,38.51,35.64,3.71,2.12,0,1.65,4.42,0,13.84,NA,NA,NA,"JuninPlain"
"JunnPln_Jnn8,UpB1",-10.92124,-76.262678,10.7,8.45,306,NA,NA,NA,105.4,44.3,5.8,0.8,4.4,0.7,NA,NA,0.1,53.8,NA,443.34,8.54,NA,4.092,NA,NA,NA,NA,NA,NA,NA,NA,NA,NA,NA,NA,NA,NA,NA,NA,4083,2.5,396.4670105,59,63,929,807,0.004,16.32198662,"Central Andean wet puna",312,3.75,0.504262,6,1,"Evergreen Forest and Fields",12,0,0,25.87,0,0,0.05,2.96,0,0,0,31.32,0.52,11.13,0,0,9.75,6.6,0,0,1.3,0,0,0,3.57,0,2.09,0,0,0,1.88,0.08,0,0,2.71,0,41.36,42.45,3.23,1.88,0,1.35,2.96,0,6.6,NA,NA,NA,"JuninPlain"
"JunnPln_Jnn8,UpB2",-10.92124,-76.262678,10.7,8.45,306,NA,NA,NA,105.4,44.3,5.8,0.8,4.4,0.7,NA,NA,0.1,53.8,NA,443.34,8.54,NA,4.092,NA,NA,NA,NA,NA,NA,NA,NA,NA,NA,NA,NA,NA,NA,NA,NA,4083,2.5,396.4670105,59,63,929,807,0.004,16.32198662,"Central Andean wet puna",312,3.75,0.504262,4,1,"Evergreen Forest and Fields",12,0,0,25.87,0,0,0.05,2.96,0,0,0,31.32,0.52,11.13,0,0,9.75,6.6,0,0,1.3,0,0,0,3.57,0,2.09,0,0,0,1.88,0.08,0,0,2.71,0,41.36,42.45,3.23,1.88,0,1.35,2.96,0,6.6,NA,NA,NA,"JuninPlain"
"JunnPln_Jnn9,dbS1",-10.814689,-76.23,10.7,8.17,377,NA,NA,NA,NA,NA,NA,NA,NA,NA,NA,NA,NA,NA,NA,204.09,18.96,NA,4.818,NA,NA,NA,NA,NA,NA,NA,NA,NA,NA,NA,NA,NA,NA,NA,NA,4109,175.5,0.00381126,62,60,964,766,0.004,16.32198662,"Central Andean wet puna",312,1,0.448198,4,1,"Evergreen Forest and Fields",17,0,0,24.56,0,0,0,2.1,0,0,0,46.33,0.44,14.23,0,0,3.7,1.34,0,0,1.3,0,0,0,0.55,0,0.79,0,0,0,1.46,0,0.52,0,2.48,0,29.6,60.56,2.92,1.46,0,1.3,2.1,0.52,1.34,NA,NA,NA,"JuninPlain"
"JunnPln_Jnn9,dbS2",-10.814689,-76.23,10.7,8.17,377,NA,NA,NA,NA,NA,NA,NA,NA,NA,NA,NA,NA,NA,NA,204.09,18.96,NA,4.818,NA,NA,NA,NA,NA,NA,NA,NA,NA,NA,NA,NA,NA,NA,NA,NA,4110,175.5,0.00381126,62,60,964,766,0.004,16.32198662,"Central Andean wet puna",312,1,0.448198,4,1,"Evergreen Forest and Fields",28,0,0,24.51,0,0,0,2.15,0,0,0,46.35,0.44,14.32,0,0,3.67,1.29,0,0,1.3,0,0,0,0.53,0,0.78,0,0,0,1.43,0,0.52,0,2.51,0,29.49,60.67,2.95,1.43,0,1.3,2.15,0.52,1.29,NA,NA,NA,"JuninPlain"
"JunnPln_L.Alcc,s3",-11.08366667,-75.935,9.4,6.75,72.5,NA,NA,NA,40,6.9,1.2,0.9,3.9,0.3,0.4,NA,0,6.7,NA,872.75,11.15,NA,NA,NA,NA,NA,NA,NA,NA,NA,NA,NA,NA,NA,NA,NA,NA,NA,NA,4479,122.4,2.064739943,40,57,1024,830,0.004,16.32198662,"Central Andean wet puna",312,9.5,0.501963,4,2,"Semi Desert Shrubs",5.253419399,0,0,31.67,0,0,0,1.22,0,0,0,9.28,0.44,8.02,0,0,6.4,6.44,0,0,1.73,0,0,0,20.65,0,10.91,0,0,0,0.23,0.26,0,0,2.61,0,69.89,17.3,3.05,0.23,0,1.73,1.22,0,6.44,NA,NA,NA,"JuninPlain"
"JunnPln_L.Ccch,s",-10.75967,-76.07207333,10,8.64,322,NA,NA,NA,174.3,42.5,11.2,0.6,1.2,0.5,0.7,NA,0,18.2,NA,NA,NA,NA,4.29,NA,NA,NA,NA,NA,NA,NA,NA,NA,NA,NA,NA,NA,NA,NA,NA,4300,65.4,0.773375988,58,56,1217,706,0.004,16.32198662,"Central Andean wet puna",312,3.375,0.273941,2,4,"Evergreen Forest and Fields",12,0,0,28.21,0,0,0,0.68,0,0,0,41.56,0.04,1.21,0,0,6.04,0.68,0,0,0.6,0,0,0,1.02,0,18.06,0,0,0,0.96,0.05,0,0,0.79,0,53.38,42.77,0.83,0.96,0,0.6,0.68,0,0.68,NA,NA,NA,"JuninPlain"
"JunnPln_L.Jnn,cn1",-10.99626667,-76.06238333,12,7.91,289,NA,NA,4.32,82.2,37.4,6.7,0.9,6.9,2.4,3.9,NA,0,51.8,NA,621.24,8.54,NA,6.336,NA,NA,NA,NA,NA,163.12,140.27,3.1,556,556,2,3.4,29.14,220.8,0.32,917.1,4080,167,396.4670105,60,59,1029,762,0.004,16.32198662,"Central Andean wet puna",312,0,-9999,4,1,"Inland Water",5.250379562,0,0,30.51,0,0,0,1.82,0,0,0,28.97,0.55,3.17,0,0,4.2,14.83,0,0,1.46,0,0,0,3.51,0,6.92,0,0,0,2.06,0,0,0,1.76,0,45.14,32.14,2.31,2.06,0,1.46,1.82,0,14.83,47.9764705882353,0.177865009268346,1.64946043165468,"JuninPlain"
"JunnPln_L.Jnn,cn4",-10.99626667,-76.06238333,12,7.91,289,NA,NA,4.32,82.2,37.4,6.7,0.9,6.9,2.4,3.9,NA,0,51.8,NA,621.24,8.54,NA,6.336,NA,NA,NA,NA,NA,163.12,140.27,3.1,556,556,2,3.4,29.14,220.8,0.32,917.1,4080,167,396.4670105,60,59,1029,762,0.004,16.32198662,"Central Andean wet puna",312,0,-9999,4,1,"Inland Water",5.250379562,0,0,30.51,0,0,0,1.82,0,0,0,28.97,0.55,3.17,0,0,4.2,14.83,0,0,1.46,0,0,0,3.51,0,6.92,0,0,0,2.06,0,0,0,1.76,0,45.14,32.14,2.31,2.06,0,1.46,1.82,0,14.83,47.9764705882353,0.177865009268346,1.64946043165468,"JuninPlain"
"JunnPln_L.Jnn,sh3",-11.05813167,-76.15588333,11.9,7.89,NA,NA,NA,NA,111.1,35.6,9.2,0.8,5.8,2.4,4.1,NA,0,38.4,NA,553.76,5.93,NA,NA,NA,NA,NA,NA,NA,NA,NA,NA,NA,NA,NA,NA,NA,NA,NA,NA,4088,103.4,396.4670105,57,61,955,828,0.004,16.32198662,"Central Andean wet puna",312,8.875,0.0766718,3,2,"Cold Grassland",5.728223801,0,0,24.58,0,0,0,3.35,0,0,0,24.96,0.47,9.28,0,0,10.22,13.84,0,0,1.64,0,0,0,1.96,0,3.31,0,0,0,2.35,0,0,0,3.92,0,40.07,34.24,4.39,2.35,0,1.64,3.35,0,13.84,NA,NA,NA,"JuninPlain"
"JunnPln_L.Jnn,sh4",-11.05813167,-76.15588333,11.9,7.89,NA,NA,NA,NA,111.1,35.6,9.2,0.8,5.8,2.4,4.1,NA,0,38.4,NA,553.76,5.93,NA,NA,NA,NA,NA,NA,NA,NA,NA,NA,NA,NA,NA,NA,NA,NA,NA,NA,4088,103.4,396.4670105,57,61,955,828,0.004,16.32198662,"Central Andean wet puna",312,8.875,0.0766718,4,2,"Cold Grassland",5.728223801,0,0,24.58,0,0,0,3.35,0,0,0,24.96,0.47,9.28,0,0,10.22,13.84,0,0,1.64,0,0,0,1.96,0,3.31,0,0,0,2.35,0,0,0,3.92,0,40.07,34.24,4.39,2.35,0,1.64,3.35,0,13.84,NA,NA,NA,"JuninPlain"
"JunnPln_L.Llcc,s1",-10.77762667,-76.09690333,10.4,8.78,292,NA,NA,NA,164.7,42.8,9.5,0.6,0.9,1.2,0.6,NA,0,12.4,NA,NA,NA,NA,4.224,NA,NA,NA,NA,NA,NA,NA,NA,NA,NA,NA,NA,NA,NA,NA,NA,4276,69,1.743849993,58,56,1177,693,0.004,16.32198662,"Central Andean wet puna",312,5.625,0.14568,4,1,"Evergreen Forest and Fields",12.7282238,0,0,27.6,0,0,0,0.75,0,0,0,47.61,0.04,1.31,0,0,4.87,0.6,0,0,1.3,0,0,0,0.47,0,12.43,0,0,0,1.94,0.05,0.12,0,0.79,0,45.42,48.92,0.83,1.94,0,1.3,0.75,0.12,0.6,NA,NA,NA,"JuninPlain"
"JunnPln_L.Llcc,s2",-10.77762667,-76.09690333,10.4,8.78,292,NA,NA,NA,164.7,42.8,9.5,0.6,0.9,1.2,0.6,NA,0,12.4,NA,NA,NA,NA,4.224,NA,NA,NA,NA,NA,NA,NA,NA,NA,NA,NA,NA,NA,NA,NA,NA,4276,69,1.743849993,58,56,1177,693,0.004,16.32198662,"Central Andean wet puna",312,5.625,0.14568,7,4,"Evergreen Forest and Fields",12.7282238,0,0,27.6,0,0,0,0.75,0,0,0,47.61,0.04,1.31,0,0,4.87,0.6,0,0,1.3,0,0,0,0.47,0,12.43,0,0,0,1.94,0.05,0.12,0,0.79,0,45.42,48.92,0.83,1.94,0,1.3,0.75,0.12,0.6,NA,NA,NA,"JuninPlain"
"JunnPln_L.Pc,12d1",-11.729454,-75.507378,15.1,9.13,329,NA,NA,NA,182.1,24.9,18.4,3.4,14.1,0.3,4.7,NA,0.1,12.5,NA,541.49,8.54,NA,NA,NA,NA,NA,NA,NA,2.96,6.69,1.1,44.62,NA,3,15.1,0.87,590.9,8.3,31.5,3358,139.5,3.258889914,115,74,673,752,0.0012,0.225873194,"Peruvian Yungas",312,0,0.18194,7,4,"Cold Grassland",8.865995407,0,0,50.28,0,0,0,0,0,0,0,0.15,0,0.12,0,0,0.42,0.31,0,0,0,0,0,0,37.2,0,2.96,0,0,0,0,8.24,0,0,0.31,0,99.1,0.27,0.31,0,0,0,0,0,0.31,0.196026490066225,0.093968253968254,0.705961452263559,"JuninPlain"
"JunnPln_L.Pc,ins1",-11.716983,-75.506931,NA,NA,NA,NA,NA,NA,150,41.5,9.7,2.4,9.1,4.1,1.9,NA,1.8,10.6,NA,NA,NA,NA,NA,NA,NA,NA,NA,NA,2.96,6.69,1.1,44.62,NA,3,15.1,0.87,590.9,8.3,31.5,3358,139.5,3.258889914,112,74,682,740,0.0012,0.225873194,"Peruvian Yungas",312,3.875,0.273195,4,2,"Semi Desert Shrubs",8.343401909,0,0,48.12,0,0,0,0,0,0,0,0.15,0,0,0,0,0.42,0.31,0,0.01,0,0,0,0,37.24,0,3.64,0,0,0,0,9.77,0,0,0.31,0,99.19,0.16,0.31,0,0,0,0,0,0.31,0.196026490066225,0.093968253968254,0.705961452263559,"JuninPlain"
"JunnPln_L.Pc,ins2",-11.716983,-75.506931,NA,NA,NA,NA,NA,NA,150,41.5,9.7,2.4,9.1,4.1,1.9,NA,1.8,10.6,NA,NA,NA,NA,NA,NA,NA,NA,NA,NA,2.96,6.69,1.1,44.62,NA,3,15.1,0.87,590.9,8.3,31.5,3358,139.5,3.258889914,112,74,682,740,0.0012,0.225873194,"Peruvian Yungas",312,3.875,0.273195,7,4,"Semi Desert Shrubs",8.343401909,0,0,48.12,0,0,0,0,0,0,0,0.15,0,0,0,0,0.42,0.31,0,0.01,0,0,0,0,37.24,0,3.64,0,0,0,0,9.77,0,0,0.31,0,99.19,0.16,0.31,0,0,0,0,0,0.31,0.196026490066225,0.093968253968254,0.705961452263559,"JuninPlain"
"JunnPln_L.Prn,cn",-10.83525,-76.45986667,11,8.65,247,NA,NA,NA,101.5,34.9,4,0.6,2.9,1.8,NA,NA,0.1,30.7,NA,NA,NA,NA,6.072,NA,NA,NA,NA,NA,24.81,42.83,2.43,902.09,NA,3,36.4,5.54,1884.3,9.06,245,4301,52,33.64030075,49,66,825,835,0.0024,1.834465514,"Central Andean wet puna",312,0,-9999,4,1,"Forest and Field",13.68148518,0,0,14.7,0,0,0.05,22.57,0,0,0,5.9,0.32,19.51,0,0,18.53,1.37,0,0,0,0,0,0,6.89,0,5.33,0,0,0,0,1.76,0,0,3.05,0,47.21,25.41,3.37,0,0,0.05,22.57,0,1.37,0.681593406593407,0.101265306122449,0.271591526344378,"JuninPlain"
"JunnPln_L.Prn,sh1",-10.8361,-76.45425,10.9,8.62,238,NA,NA,NA,106.9,31.7,3.8,0.6,3.4,1.7,0.9,NA,0,30.7,NA,NA,NA,NA,NA,NA,NA,NA,NA,NA,24.81,42.83,2.43,902.09,NA,3,36.4,5.54,1884.3,9.06,245,4301,52,33.64030075,49,65,829,812,0.0024,1.834465514,"Central Andean wet puna",312,0.375,0.215007,4,1,"Forest and Field",13.52698421,0,0,15.49,0,0,0.05,22.49,0,0,0,6.01,0.32,19.76,0,0,18.49,1.37,0,0,0,0,0,0,6.83,0,4.51,0,0,0,0,1.59,0,0,3.06,0,46.91,25.77,3.38,0,0,0.05,22.49,0,1.37,0.681593406593407,0.101265306122449,0.271591526344378,"JuninPlain"
"JunnPln_L.Prn,sh2",-10.8361,-76.45425,10.9,8.62,238,NA,NA,NA,106.9,31.7,3.8,0.6,3.4,1.7,0.9,NA,0,30.7,NA,NA,NA,NA,NA,NA,NA,NA,NA,NA,24.81,42.83,2.43,902.09,NA,3,36.4,5.54,1884.3,9.06,245,4301,52,33.64030075,49,65,829,812,0.0024,1.834465514,"Central Andean wet puna",312,0.375,0.215007,4,2,"Forest and Field",13.52698421,0,0,15.49,0,0,0.05,22.49,0,0,0,6.01,0.32,19.76,0,0,18.49,1.37,0,0,0,0,0,0,6.83,0,4.51,0,0,0,0,1.59,0,0,3.06,0,46.91,25.77,3.38,0,0,0.05,22.49,0,1.37,0.681593406593407,0.101265306122449,0.271591526344378,"JuninPlain"
"JunnPln_L.Tl,shr2",-10.72361111,-76.07055556,11.3,8.24,373,NA,NA,NA,200,46.8,12,0.7,2.1,3.5,0.5,NA,0,18.2,NA,NA,NA,NA,4.026,NA,NA,NA,NA,NA,0.38,2.36,1.08,2,NA,3,5.3,0.28,84.3,4.69,8.2,4253,145.1,0.406376988,59,55,1260,695,0.004,16.32198662,"Central Andean wet puna",312,0,0.200436,3,2,"Evergreen Forest and Fields",3.396477222,0,0,27.26,0,0,0,0.57,0,0,0,36.19,0.01,3.04,0,0,8.86,0.59,0,0,0.09,0,0,0,1.36,0,21.01,0,0,0,0,0.18,0,0,0.78,0,58.67,39.23,0.79,0,0,0.09,0.57,0,0.59,0.0716981132075472,0.0463414634146342,4.1,"JuninPlain"
"JunnPln_L.Yncc,s1",-10.83333333,-76.03633333,12.4,7.85,336,NA,NA,NA,162.3,44,12.2,0.6,5,2.9,5.6,NA,0,13.4,NA,633.51,13.75,NA,NA,NA,NA,NA,NA,NA,2.11,8.23,1.6,30.35,NA,3,14.4,0.92,381,8.86,27.4,4321,31.5,2.105540037,55,56,1193,722,0.004,16.32198662,"Central Andean wet puna",312,0,0.177018,4,1,"Inland Water",5.285611153,0,0,29.73,0,0,0,0.54,0,0,0,36.9,0.16,1,0,0,2.51,2.74,0,0,0.67,0,0,0,0.26,0,22.96,0,0,0,1.69,0.05,0,0,0.62,0,55.51,37.9,0.78,1.69,0,0.67,0.54,0,2.74,0.146527777777778,0.077007299270073,0.902800658978583,"JuninPlain"
"JunnPln_L.Yncc,s4",-10.83333333,-76.03633333,12.4,7.85,336,NA,NA,NA,162.3,44,12.2,0.6,5,2.9,5.6,NA,0,13.4,NA,633.51,13.75,NA,NA,NA,NA,NA,NA,NA,2.11,8.23,1.6,30.35,NA,3,14.4,0.92,381,8.86,27.4,4321,31.5,2.105540037,55,56,1193,722,0.004,16.32198662,"Central Andean wet puna",312,0,0.177018,3,2,"Inland Water",5.285611153,0,0,29.73,0,0,0,0.54,0,0,0,36.9,0.16,1,0,0,2.51,2.74,0,0,0.67,0,0,0,0.26,0,22.96,0,0,0,1.69,0.05,0,0,0.62,0,55.51,37.9,0.78,1.69,0,0.67,0.54,0,2.74,0.146527777777778,0.077007299270073,0.902800658978583,"JuninPlain"
"JunnPln_Yncc2,is",-10.857164,-75.983381,13.3,8.16,338,NA,NA,NA,161.1,41.7,14.3,0.2,1.2,0.9,0.3,NA,0.7,25.9,NA,NA,NA,NA,5.016,NA,NA,NA,NA,NA,NA,NA,NA,NA,NA,NA,NA,NA,NA,NA,NA,4323,68.7,68.7,55,56,1217,708,0.004,16.32198662,"Peruvian Yungas",312,1.25,0.231187,4,1,"Evergreen Forest and Fields",14,0,0,32.66,0,0,0,0.39,0,0,0,23.58,0.16,1.42,0,0,2.25,2.73,0,0,0.42,0,0,0,2.31,0,31.4,0,0,0,1.69,0.05,0,0,0.74,0,68.67,25,0.9,1.69,0,0.42,0.39,0,2.73,NA,NA,NA,"JuninPlain"
"JunnPln_Yncc4,oc",-10.871606,-75.999803,9.8,9,325,NA,NA,NA,188.6,44.5,10.7,0.7,4.2,2.4,4.4,NA,0.1,10.6,NA,NA,NA,NA,4.224,NA,NA,NA,NA,NA,NA,NA,NA,NA,NA,NA,NA,NA,NA,NA,NA,4323,37.6,37.6,54,56,1183,727,0.004,16.32198662,"Peruvian Yungas",312,1,0.160547,3,2,"Cold Grassland",20,0,0,33.67,0,0,0,0.39,0,0,0,26.41,0.16,0.98,0,0,2.28,4.99,0,0,0.42,0,0,0,1.72,0,26.37,0,0,0,1.69,0.05,0,0,0.66,0,64.09,27.39,0.82,1.69,0,0.42,0.39,0,4.99,NA,NA,NA,"JuninPlain"
"JunnPln_Yncch1,w",-10.856508,-75.985734,14.1,8.74,183.4,NA,NA,NA,105.5,19.4,10.7,0.7,4.5,1.6,0.5,NA,0,0,NA,NA,NA,NA,4.356,NA,NA,NA,NA,NA,1.39,5.23,1.25,10.8,NA,3,7.8,0.92,135.6,4.95,27,4322,37.6,1.256929994,55,56,1213,712,0.004,16.32198662,"Peruvian Yungas",312,0,0.231187,4,1,"Evergreen Forest and Fields",20,0,0,32.68,0,0,0,0.39,0,0,0,24.22,0.16,1.37,0,0,2.31,2.88,0,0,0.42,0,0,0,2.23,0,30.73,0,0,0,1.69,0.05,0,0,0.7,0,68,25.59,0.86,1.69,0,0.42,0.39,0,2.88,0.178205128205128,0.0514814814814815,2.5,"JuninPlain"
"JunnPln_Yncch3,s1",-10.85552,-75.97228,11,7.75,312,NA,NA,NA,185.7,44.9,9.2,0.3,0.8,2.3,0.4,NA,2.6,2.9,NA,805.27,18.96,NA,3.96,NA,NA,NA,NA,NA,NA,NA,NA,NA,NA,NA,NA,NA,NA,NA,NA,4341,68.7,0.00084646,51,56,1175,728,0.004,16.32198662,"Peruvian Yungas",312,5.625,0.279901,4,2,"Cold Grassland",14,0,0,32.55,0,0,0,0.39,0,0,0,21.56,0.16,1.59,0,0,2.08,2.19,0,0,0.26,0,0,0,2.98,0,33.46,0,0,0,1.56,0.05,0,0,0.99,0,71.12,23.15,1.15,1.56,0,0.26,0.39,0,2.19,NA,NA,NA,"JuninPlain"
"JunnPln_Yncch3,s2",-10.85552,-75.97228,11,7.75,312,NA,NA,NA,185.7,44.9,9.2,0.3,0.8,2.3,0.4,NA,2.6,2.9,NA,805.27,18.96,NA,3.96,NA,NA,NA,NA,NA,NA,NA,NA,NA,NA,NA,NA,NA,NA,NA,NA,4341,68.7,0.00084646,51,56,1175,728,0.004,16.32198662,"Peruvian Yungas",312,5.625,0.279901,4,2,"Cold Grassland",14,0,0,32.55,0,0,0,0.39,0,0,0,21.56,0.16,1.59,0,0,2.08,2.19,0,0,0.26,0,0,0,2.98,0,33.46,0,0,0,1.56,0.05,0,0,0.99,0,71.12,23.15,1.15,1.56,0,0.26,0.39,0,2.19,NA,NA,NA,"JuninPlain"
"Sml-McE_ChrrrsLk",-2.770278,-79.159722,9,7.9,NA,NA,1,NA,NA,NA,NA,NA,NA,NA,NA,NA,NA,NA,NA,0.16,3.1,NA,NA,NA,NA,2.3,NA,18,0.15,1.59,1.15,1.38,NA,3,9.1,0.14,110.8,19.7,7.1,3689,225.7,0.162431002,67,27,1060,442,0.0012,0.131834973,"Northern Andean p├íramo",312,1.25,0.487085,4,2,"Cold Grassland",14,0.13,0.91,33.88,0,0,0,7.87,5.22,0,0,0.53,0.09,0,0,0,0.27,0,0,0,0,0.96,0,0,8.48,0,18.84,0,0,0,0,22.15,0.3,0.1,0.08,1.04,88.84,0.53,1.13,0,0.1,0,7.87,0.3,0,0.0164835164835165,0.0211267605633803,5.14492753623188,"Ecuador-Andean"
"Sml-McE_FondCoch",-2.760216667,-79.23645,NA,7.95,30,NA,2,NA,NA,8.27,0.62,0.28,1.17,8.17,0.1,0.001,0.014,0.36,NA,0.247,0.0045,NA,NA,NA,NA,3.1,NA,10,NA,NA,NA,NA,NA,NA,NA,NA,NA,NA,NA,4120,225.7,0.0346759,47,42,886,352,0.0012,0.131834973,"Northern Andean p├íramo",312,8.25,0.46744,3,4,"Shrub Deciduous",10,0.35,11.54,27.48,0,0,0,0.94,0.65,0,0,0.01,0,0,0,0,0,0,0,0,0,0.11,0,0,7.12,0,24.59,0,0,0,0,26.98,0,0.08,0,11.89,86.82,0.01,0.11,0,0.08,0,0.94,0,0,NA,NA,NA,"Ecuador-Andean"
"Sml-McE_LgnsdNpl",-2.887233333,-79.29671667,NA,8.1,65,NA,2,NA,NA,5.87,0.52,0.27,1.7,7.07,0.14,0.001,0.008,2.72,NA,0.217,0.0027,NA,NA,NA,NA,4.8,NA,NA,NA,NA,NA,NA,NA,NA,NA,NA,NA,NA,NA,3884,156,0.193892002,60,36,1005,420,0.0012,0.131834973,"Northern Andean p├íramo",301,4.375,0.268862,3,4,"Upland Tundra",13,0,2.28,30.54,0,0,0,0.28,3.05,0,0,0,0.08,0,0,0,0.11,0,0,0,0,1.12,0,0,7.91,0,13.21,0,0,0,0,41.11,0,0,0.13,2.28,95.93,0,1.33,0,0,0,0.28,0,0,NA,NA,NA,"Ecuador-Andean"
"Sml-McE_Llaviacu",-2.842933333,-79.14608333,10.5,7.95,70,NA,2,NA,NA,19,1.2,0.21,1.18,5.42,0.08,0.002,0.03,1.99,NA,0.139,0.038,NA,NA,NA,NA,2.3,NA,17,NA,NA,NA,NA,NA,NA,NA,NA,NA,NA,NA,3150,225.7,0.120999001,102,25,1000,718,0.0012,0.131834973,"Eastern Cordillera real montane forests",312,4.125,0.301966,1,7,"Crops and Town",6.339466572,0,0.24,33.53,0,0,0,11.06,10.03,0,0,1.07,0.09,0,0,0,0.32,0,0,0,0,2.64,0,0,12.9,0,11.77,0,0,0,0,13.21,2.76,0.08,0,0.24,81.76,1.07,2.73,0,0.08,0,11.06,2.76,0,NA,NA,NA,"Ecuador-Andean"
"Sml-McE_Patoquns",-2.781923,-79.20941,NA,7.6,100,NA,3,NA,NA,13.5,1,0.28,1.59,6.96,0.12,0.001,0.008,3.47,NA,0.135,0.0036,NA,NA,NA,NA,2.7,NA,17,NA,NA,NA,NA,NA,NA,NA,NA,NA,NA,NA,3802,225.7,0.045363002,63,31,1026,445,0.0012,0.131834973,"Northern Andean p├íramo",312,6.25,0.552898,3,4,"Shrub Deciduous",14,0.29,5.06,30.78,0,0,0,3.85,3.37,0,0,0.32,0.09,0,0,0,0.18,0,0,0,0,0.47,0,0,8.11,0,22.28,0,0,0,0,24.89,0,0.08,0,5.35,89.61,0.32,0.56,0,0.08,0,3.85,0,0,NA,NA,NA,"Ecuador-Andean"
"Sml-McE_Toreador",-2.779866667,-79.22351667,8.7,8.15,75,NA,1.5,NA,NA,15,1.39,0.37,1.49,7.09,0.13,0.001,0.008,1.21,0.027,0.128,0.0029,NA,NA,NA,NA,2.8,NA,31,NA,NA,NA,NA,NA,NA,NA,NA,NA,NA,NA,3913,225.7,0.127912,59,36,967,394,0.0012,0.131834973,"Northern Andean p├íramo",312,0.5,0.349833,3,4,"Cold Grassland",14,0.29,7.45,30.18,0,0,0,2.26,2.19,0,0,0.28,0,0,0,0,0.11,0,0,0,0,0.25,0,0,8.09,0,22.48,0,0,0,0,26.11,0,0.08,0,7.74,89.16,0.28,0.25,0,0.08,0,2.26,0,0,NA,NA,NA,"Ecuador-Andean"
